year;Mes;Posición ocupcional;Género;sexo;Total
2010;1;Empleado doméstico ;1;hombre;29
2010;1;Empleado doméstico ;0;mujer;656
2010;1;Jornalero o peón;1;hombre;724
2010;1;Jornalero o peón;0;mujer;40
2010;1;Obrero, empleado del gobierno;1;hombre;425
2010;1;Obrero, empleado del gobierno;0;mujer;390
2010;1;Obrero, empleado particular ;1;hombre;3876
2010;1;Obrero, empleado particular ;0;mujer;2518
2010;1;Otro;1;hombre;7
2010;1;Otro;0;mujer;6
2010;1;Patrón o empleador;1;hombre;727
2010;1;Patrón o empleador;0;mujer;258
2010;1;Trabajador familiar sin remuneración*;1;hombre;425
2010;1;Trabajador familiar sin remuneración*;0;mujer;574
2010;1;Trabajador por cuenta propia;1;hombre;4961
2010;1;Trabajador por cuenta propia;0;mujer;3000
2010;2;Empleado doméstico ;1;hombre;33
2010;2;Empleado doméstico ;0;mujer;652
2010;2;Jornalero o peón;1;hombre;777
2010;2;Jornalero o peón;0;mujer;47
2010;2;Obrero, empleado del gobierno;1;hombre;414
2010;2;Obrero, empleado del gobierno;0;mujer;400
2010;2;Obrero, empleado particular ;1;hombre;3993
2010;2;Obrero, empleado particular ;0;mujer;2623
2010;2;Otro;1;hombre;6
2010;2;Otro;0;mujer;6
2010;2;Patrón o empleador;1;hombre;720
2010;2;Patrón o empleador;0;mujer;250
2010;2;Trabajador familiar sin remuneración*;1;hombre;414
2010;2;Trabajador familiar sin remuneración*;0;mujer;569
2010;2;Trabajador por cuenta propia;1;hombre;4894
2010;2;Trabajador por cuenta propia;0;mujer;3118
2010;3;Empleado doméstico ;1;hombre;42
2010;3;Empleado doméstico ;0;mujer;664
2010;3;Jornalero o peón;1;hombre;738
2010;3;Jornalero o peón;0;mujer;34
2010;3;Obrero, empleado del gobierno;1;hombre;413
2010;3;Obrero, empleado del gobierno;0;mujer;398
2010;3;Obrero, empleado particular ;1;hombre;3981
2010;3;Obrero, empleado particular ;0;mujer;2627
2010;3;Otro;1;hombre;5
2010;3;Otro;0;mujer;9
2010;3;Patrón o empleador;1;hombre;730
2010;3;Patrón o empleador;0;mujer;219
2010;3;Trabajador familiar sin remuneración*;1;hombre;412
2010;3;Trabajador familiar sin remuneración*;0;mujer;569
2010;3;Trabajador por cuenta propia;1;hombre;4968
2010;3;Trabajador por cuenta propia;0;mujer;3166
2010;4;Empleado doméstico ;1;hombre;36
2010;4;Empleado doméstico ;0;mujer;642
2010;4;Jornalero o peón;1;hombre;755
2010;4;Jornalero o peón;0;mujer;36
2010;4;Obrero, empleado del gobierno;1;hombre;403
2010;4;Obrero, empleado del gobierno;0;mujer;401
2010;4;Obrero, empleado particular ;1;hombre;3958
2010;4;Obrero, empleado particular ;0;mujer;2614
2010;4;Otro;1;hombre;8
2010;4;Otro;0;mujer;10
2010;4;Patrón o empleador;1;hombre;734
2010;4;Patrón o empleador;0;mujer;215
2010;4;Trabajador familiar sin remuneración*;1;hombre;416
2010;4;Trabajador familiar sin remuneración*;0;mujer;551
2010;4;Trabajador por cuenta propia;1;hombre;5057
2010;4;Trabajador por cuenta propia;0;mujer;3266
2010;5;Empleado doméstico ;1;hombre;39
2010;5;Empleado doméstico ;0;mujer;664
2010;5;Jornalero o peón;1;hombre;715
2010;5;Jornalero o peón;0;mujer;37
2010;5;Obrero, empleado del gobierno;1;hombre;410
2010;5;Obrero, empleado del gobierno;0;mujer;393
2010;5;Obrero, empleado particular ;1;hombre;4023
2010;5;Obrero, empleado particular ;0;mujer;2596
2010;5;Otro;1;hombre;9
2010;5;Otro;0;mujer;13
2010;5;Patrón o empleador;1;hombre;733
2010;5;Patrón o empleador;0;mujer;209
2010;5;Trabajador familiar sin remuneración*;1;hombre;394
2010;5;Trabajador familiar sin remuneración*;0;mujer;550
2010;5;Trabajador por cuenta propia;1;hombre;5049
2010;5;Trabajador por cuenta propia;0;mujer;3204
2010;6;Empleado doméstico ;1;hombre;32
2010;6;Empleado doméstico ;0;mujer;658
2010;6;Jornalero o peón;1;hombre;820
2010;6;Jornalero o peón;0;mujer;57
2010;6;Obrero, empleado del gobierno;1;hombre;432
2010;6;Obrero, empleado del gobierno;0;mujer;400
2010;6;Obrero, empleado particular ;1;hombre;3998
2010;6;Obrero, empleado particular ;0;mujer;2587
2010;6;Otro;1;hombre;11
2010;6;Otro;0;mujer;14
2010;6;Patrón o empleador;1;hombre;715
2010;6;Patrón o empleador;0;mujer;204
2010;6;Trabajador familiar sin remuneración*;1;hombre;410
2010;6;Trabajador familiar sin remuneración*;0;mujer;558
2010;6;Trabajador por cuenta propia;1;hombre;5041
2010;6;Trabajador por cuenta propia;0;mujer;3204
2010;7;Empleado doméstico ;1;hombre;35
2010;7;Empleado doméstico ;0;mujer;675
2010;7;Jornalero o peón;1;hombre;804
2010;7;Jornalero o peón;0;mujer;59
2010;7;Obrero, empleado del gobierno;1;hombre;430
2010;7;Obrero, empleado del gobierno;0;mujer;382
2010;7;Obrero, empleado particular ;1;hombre;4094
2010;7;Obrero, empleado particular ;0;mujer;2600
2010;7;Otro;1;hombre;13
2010;7;Otro;0;mujer;16
2010;7;Patrón o empleador;1;hombre;749
2010;7;Patrón o empleador;0;mujer;208
2010;7;Trabajador familiar sin remuneración*;1;hombre;424
2010;7;Trabajador familiar sin remuneración*;0;mujer;591
2010;7;Trabajador por cuenta propia;1;hombre;4973
2010;7;Trabajador por cuenta propia;0;mujer;3286
2010;8;Empleado doméstico ;1;hombre;37
2010;8;Empleado doméstico ;0;mujer;649
2010;8;Jornalero o peón;1;hombre;841
2010;8;Jornalero o peón;0;mujer;61
2010;8;Obrero, empleado del gobierno;1;hombre;406
2010;8;Obrero, empleado del gobierno;0;mujer;388
2010;8;Obrero, empleado particular ;1;hombre;4068
2010;8;Obrero, empleado particular ;0;mujer;2591
2010;8;Otro;1;hombre;15
2010;8;Otro;0;mujer;17
2010;8;Patrón o empleador;1;hombre;755
2010;8;Patrón o empleador;0;mujer;227
2010;8;Trabajador familiar sin remuneración*;1;hombre;454
2010;8;Trabajador familiar sin remuneración*;0;mujer;636
2010;8;Trabajador por cuenta propia;1;hombre;5109
2010;8;Trabajador por cuenta propia;0;mujer;3430
2010;9;Empleado doméstico ;1;hombre;39
2010;9;Empleado doméstico ;0;mujer;661
2010;9;Jornalero o peón;1;hombre;747
2010;9;Jornalero o peón;0;mujer;58
2010;9;Obrero, empleado del gobierno;1;hombre;399
2010;9;Obrero, empleado del gobierno;0;mujer;394
2010;9;Obrero, empleado particular ;1;hombre;4070
2010;9;Obrero, empleado particular ;0;mujer;2617
2010;9;Otro;1;hombre;14
2010;9;Otro;0;mujer;20
2010;9;Patrón o empleador;1;hombre;787
2010;9;Patrón o empleador;0;mujer;236
2010;9;Trabajador familiar sin remuneración*;1;hombre;459
2010;9;Trabajador familiar sin remuneración*;0;mujer;665
2010;9;Trabajador por cuenta propia;1;hombre;5194
2010;9;Trabajador por cuenta propia;0;mujer;3498
2010;10;Empleado doméstico ;1;hombre;39
2010;10;Empleado doméstico ;0;mujer;663
2010;10;Jornalero o peón;1;hombre;724
2010;10;Jornalero o peón;0;mujer;67
2010;10;Obrero, empleado del gobierno;1;hombre;392
2010;10;Obrero, empleado del gobierno;0;mujer;379
2010;10;Obrero, empleado particular ;1;hombre;4113
2010;10;Obrero, empleado particular ;0;mujer;2619
2010;10;Otro;1;hombre;13
2010;10;Otro;0;mujer;17
2010;10;Patrón o empleador;1;hombre;754
2010;10;Patrón o empleador;0;mujer;227
2010;10;Trabajador familiar sin remuneración*;1;hombre;439
2010;10;Trabajador familiar sin remuneración*;0;mujer;635
2010;10;Trabajador por cuenta propia;1;hombre;5277
2010;10;Trabajador por cuenta propia;0;mujer;3440
2010;11;Empleado doméstico ;1;hombre;39
2010;11;Empleado doméstico ;0;mujer;659
2010;11;Jornalero o peón;1;hombre;688
2010;11;Jornalero o peón;0;mujer;61
2010;11;Obrero, empleado del gobierno;1;hombre;415
2010;11;Obrero, empleado del gobierno;0;mujer;367
2010;11;Obrero, empleado particular ;1;hombre;4043
2010;11;Obrero, empleado particular ;0;mujer;2584
2010;11;Otro;1;hombre;11
2010;11;Otro;0;mujer;12
2010;11;Patrón o empleador;1;hombre;773
2010;11;Patrón o empleador;0;mujer;210
2010;11;Trabajador familiar sin remuneración*;1;hombre;428
2010;11;Trabajador familiar sin remuneración*;0;mujer;619
2010;11;Trabajador por cuenta propia;1;hombre;5222
2010;11;Trabajador por cuenta propia;0;mujer;3306
2010;12;Empleado doméstico ;1;hombre;34
2010;12;Empleado doméstico ;0;mujer;649
2010;12;Jornalero o peón;1;hombre;726
2010;12;Jornalero o peón;0;mujer;53
2010;12;Obrero, empleado del gobierno;1;hombre;413
2010;12;Obrero, empleado del gobierno;0;mujer;366
2010;12;Obrero, empleado particular ;1;hombre;4066
2010;12;Obrero, empleado particular ;0;mujer;2509
2010;12;Otro;1;hombre;15
2010;12;Otro;0;mujer;7
2010;12;Patrón o empleador;1;hombre;778
2010;12;Patrón o empleador;0;mujer;216
2010;12;Trabajador familiar sin remuneración*;1;hombre;409
2010;12;Trabajador familiar sin remuneración*;0;mujer;599
2010;12;Trabajador por cuenta propia;1;hombre;5125
2010;12;Trabajador por cuenta propia;0;mujer;3218
2011;1;Empleado doméstico ;1;hombre;34
2011;1;Empleado doméstico ;0;mujer;647
2011;1;Jornalero o peón;1;hombre;788
2011;1;Jornalero o peón;0;mujer;45
2011;1;Obrero, empleado del gobierno;1;hombre;433
2011;1;Obrero, empleado del gobierno;0;mujer;370
2011;1;Obrero, empleado particular ;1;hombre;4058
2011;1;Obrero, empleado particular ;0;mujer;2521
2011;1;Otro;1;hombre;14
2011;1;Otro;0;mujer;10
2011;1;Patrón o empleador;1;hombre;751
2011;1;Patrón o empleador;0;mujer;208
2011;1;Trabajador familiar sin remuneración*;1;hombre;407
2011;1;Trabajador familiar sin remuneración*;0;mujer;588
2011;1;Trabajador por cuenta propia;1;hombre;5057
2011;1;Trabajador por cuenta propia;0;mujer;3262
2011;2;Empleado doméstico ;1;hombre;29
2011;2;Empleado doméstico ;0;mujer;667
2011;2;Jornalero o peón;1;hombre;813
2011;2;Jornalero o peón;0;mujer;53
2011;2;Obrero, empleado del gobierno;1;hombre;420
2011;2;Obrero, empleado del gobierno;0;mujer;379
2011;2;Obrero, empleado particular ;1;hombre;4143
2011;2;Obrero, empleado particular ;0;mujer;2561
2011;2;Otro;1;hombre;11
2011;2;Otro;0;mujer;16
2011;2;Patrón o empleador;1;hombre;710
2011;2;Patrón o empleador;0;mujer;211
2011;2;Trabajador familiar sin remuneración*;1;hombre;392
2011;2;Trabajador familiar sin remuneración*;0;mujer;568
2011;2;Trabajador por cuenta propia;1;hombre;5114
2011;2;Trabajador por cuenta propia;0;mujer;3326
2011;3;Empleado doméstico ;1;hombre;38
2011;3;Empleado doméstico ;0;mujer;657
2011;3;Jornalero o peón;1;hombre;811
2011;3;Jornalero o peón;0;mujer;51
2011;3;Obrero, empleado del gobierno;1;hombre;429
2011;3;Obrero, empleado del gobierno;0;mujer;380
2011;3;Obrero, empleado particular ;1;hombre;4168
2011;3;Obrero, empleado particular ;0;mujer;2634
2011;3;Otro;1;hombre;7
2011;3;Otro;0;mujer;16
2011;3;Patrón o empleador;1;hombre;691
2011;3;Patrón o empleador;0;mujer;220
2011;3;Trabajador familiar sin remuneración*;1;hombre;421
2011;3;Trabajador familiar sin remuneración*;0;mujer;566
2011;3;Trabajador por cuenta propia;1;hombre;5137
2011;3;Trabajador por cuenta propia;0;mujer;3444
2011;4;Empleado doméstico ;1;hombre;45
2011;4;Empleado doméstico ;0;mujer;654
2011;4;Jornalero o peón;1;hombre;755
2011;4;Jornalero o peón;0;mujer;41
2011;4;Obrero, empleado del gobierno;1;hombre;433
2011;4;Obrero, empleado del gobierno;0;mujer;380
2011;4;Obrero, empleado particular ;1;hombre;4148
2011;4;Obrero, empleado particular ;0;mujer;2673
2011;4;Otro;1;hombre;5
2011;4;Otro;0;mujer;16
2011;4;Patrón o empleador;1;hombre;712
2011;4;Patrón o empleador;0;mujer;234
2011;4;Trabajador familiar sin remuneración*;1;hombre;400
2011;4;Trabajador familiar sin remuneración*;0;mujer;558
2011;4;Trabajador por cuenta propia;1;hombre;5204
2011;4;Trabajador por cuenta propia;0;mujer;3466
2011;5;Empleado doméstico ;1;hombre;50
2011;5;Empleado doméstico ;0;mujer;639
2011;5;Jornalero o peón;1;hombre;724
2011;5;Jornalero o peón;0;mujer;39
2011;5;Obrero, empleado del gobierno;1;hombre;436
2011;5;Obrero, empleado del gobierno;0;mujer;411
2011;5;Obrero, empleado particular ;1;hombre;4141
2011;5;Obrero, empleado particular ;0;mujer;2668
2011;5;Otro;1;hombre;6
2011;5;Otro;0;mujer;12
2011;5;Patrón o empleador;1;hombre;759
2011;5;Patrón o empleador;0;mujer;239
2011;5;Trabajador familiar sin remuneración*;1;hombre;414
2011;5;Trabajador familiar sin remuneración*;0;mujer;549
2011;5;Trabajador por cuenta propia;1;hombre;5201
2011;5;Trabajador por cuenta propia;0;mujer;3490
2011;6;Empleado doméstico ;1;hombre;46
2011;6;Empleado doméstico ;0;mujer;645
2011;6;Jornalero o peón;1;hombre;794
2011;6;Jornalero o peón;0;mujer;45
2011;6;Obrero, empleado del gobierno;1;hombre;422
2011;6;Obrero, empleado del gobierno;0;mujer;398
2011;6;Obrero, empleado particular ;1;hombre;4152
2011;6;Obrero, empleado particular ;0;mujer;2689
2011;6;Otro;1;hombre;6
2011;6;Otro;0;mujer;15
2011;6;Patrón o empleador;1;hombre;783
2011;6;Patrón o empleador;0;mujer;242
2011;6;Trabajador familiar sin remuneración*;1;hombre;390
2011;6;Trabajador familiar sin remuneración*;0;mujer;549
2011;6;Trabajador por cuenta propia;1;hombre;5165
2011;6;Trabajador por cuenta propia;0;mujer;3467
2011;7;Empleado doméstico ;1;hombre;39
2011;7;Empleado doméstico ;0;mujer;633
2011;7;Jornalero o peón;1;hombre;837
2011;7;Jornalero o peón;0;mujer;50
2011;7;Obrero, empleado del gobierno;1;hombre;419
2011;7;Obrero, empleado del gobierno;0;mujer;429
2011;7;Obrero, empleado particular ;1;hombre;4225
2011;7;Obrero, empleado particular ;0;mujer;2711
2011;7;Otro;1;hombre;7
2011;7;Otro;0;mujer;12
2011;7;Patrón o empleador;1;hombre;756
2011;7;Patrón o empleador;0;mujer;239
2011;7;Trabajador familiar sin remuneración*;1;hombre;400
2011;7;Trabajador familiar sin remuneración*;0;mujer;579
2011;7;Trabajador por cuenta propia;1;hombre;5157
2011;7;Trabajador por cuenta propia;0;mujer;3529
2011;8;Empleado doméstico ;1;hombre;47
2011;8;Empleado doméstico ;0;mujer;670
2011;8;Jornalero o peón;1;hombre;859
2011;8;Jornalero o peón;0;mujer;55
2011;8;Obrero, empleado del gobierno;1;hombre;404
2011;8;Obrero, empleado del gobierno;0;mujer;393
2011;8;Obrero, empleado particular ;1;hombre;4245
2011;8;Obrero, empleado particular ;0;mujer;2772
2011;8;Otro;1;hombre;8
2011;8;Otro;0;mujer;22
2011;8;Patrón o empleador;1;hombre;791
2011;8;Patrón o empleador;0;mujer;264
2011;8;Trabajador familiar sin remuneración*;1;hombre;474
2011;8;Trabajador familiar sin remuneración*;0;mujer;684
2011;8;Trabajador por cuenta propia;1;hombre;5271
2011;8;Trabajador por cuenta propia;0;mujer;3664
2011;9;Empleado doméstico ;1;hombre;48
2011;9;Empleado doméstico ;0;mujer;672
2011;9;Jornalero o peón;1;hombre;748
2011;9;Jornalero o peón;0;mujer;72
2011;9;Obrero, empleado del gobierno;1;hombre;393
2011;9;Obrero, empleado del gobierno;0;mujer;407
2011;9;Obrero, empleado particular ;1;hombre;4255
2011;9;Obrero, empleado particular ;0;mujer;2788
2011;9;Otro;1;hombre;12
2011;9;Otro;0;mujer;21
2011;9;Patrón o empleador;1;hombre;781
2011;9;Patrón o empleador;0;mujer;251
2011;9;Trabajador familiar sin remuneración*;1;hombre;552
2011;9;Trabajador familiar sin remuneración*;0;mujer;761
2011;9;Trabajador por cuenta propia;1;hombre;5473
2011;9;Trabajador por cuenta propia;0;mujer;3777
2011;10;Empleado doméstico ;1;hombre;52
2011;10;Empleado doméstico ;0;mujer;685
2011;10;Jornalero o peón;1;hombre;695
2011;10;Jornalero o peón;0;mujer;83
2011;10;Obrero, empleado del gobierno;1;hombre;375
2011;10;Obrero, empleado del gobierno;0;mujer;373
2011;10;Obrero, empleado particular ;1;hombre;4310
2011;10;Obrero, empleado particular ;0;mujer;2772
2011;10;Otro;1;hombre;20
2011;10;Otro;0;mujer;23
2011;10;Patrón o empleador;1;hombre;792
2011;10;Patrón o empleador;0;mujer;258
2011;10;Trabajador familiar sin remuneración*;1;hombre;621
2011;10;Trabajador familiar sin remuneración*;0;mujer;812
2011;10;Trabajador por cuenta propia;1;hombre;5550
2011;10;Trabajador por cuenta propia;0;mujer;3714
2011;11;Empleado doméstico ;1;hombre;39
2011;11;Empleado doméstico ;0;mujer;636
2011;11;Jornalero o peón;1;hombre;665
2011;11;Jornalero o peón;0;mujer;86
2011;11;Obrero, empleado del gobierno;1;hombre;420
2011;11;Obrero, empleado del gobierno;0;mujer;400
2011;11;Obrero, empleado particular ;1;hombre;4324
2011;11;Obrero, empleado particular ;0;mujer;2702
2011;11;Otro;1;hombre;19
2011;11;Otro;0;mujer;14
2011;11;Patrón o empleador;1;hombre;759
2011;11;Patrón o empleador;0;mujer;243
2011;11;Trabajador familiar sin remuneración*;1;hombre;563
2011;11;Trabajador familiar sin remuneración*;0;mujer;730
2011;11;Trabajador por cuenta propia;1;hombre;5414
2011;11;Trabajador por cuenta propia;0;mujer;3565
2011;12;Empleado doméstico ;1;hombre;36
2011;12;Empleado doméstico ;0;mujer;627
2011;12;Jornalero o peón;1;hombre;729
2011;12;Jornalero o peón;0;mujer;71
2011;12;Obrero, empleado del gobierno;1;hombre;425
2011;12;Obrero, empleado del gobierno;0;mujer;400
2011;12;Obrero, empleado particular ;1;hombre;4326
2011;12;Obrero, empleado particular ;0;mujer;2668
2011;12;Otro;1;hombre;18
2011;12;Otro;0;mujer;14
2011;12;Patrón o empleador;1;hombre;780
2011;12;Patrón o empleador;0;mujer;252
2011;12;Trabajador familiar sin remuneración*;1;hombre;498
2011;12;Trabajador familiar sin remuneración*;0;mujer;703
2011;12;Trabajador por cuenta propia;1;hombre;5273
2011;12;Trabajador por cuenta propia;0;mujer;3459
2012;1;Empleado doméstico ;1;hombre;31
2012;1;Empleado doméstico ;0;mujer;653
2012;1;Jornalero o peón;1;hombre;756
2012;1;Jornalero o peón;0;mujer;65
2012;1;Obrero, empleado del gobierno;1;hombre;428
2012;1;Obrero, empleado del gobierno;0;mujer;423
2012;1;Obrero, empleado particular ;1;hombre;4302
2012;1;Obrero, empleado particular ;0;mujer;2675
2012;1;Otro;1;hombre;9
2012;1;Otro;0;mujer;16
2012;1;Patrón o empleador;1;hombre;811
2012;1;Patrón o empleador;0;mujer;255
2012;1;Trabajador familiar sin remuneración*;1;hombre;435
2012;1;Trabajador familiar sin remuneración*;0;mujer;681
2012;1;Trabajador por cuenta propia;1;hombre;5165
2012;1;Trabajador por cuenta propia;0;mujer;3482
2012;2;Empleado doméstico ;1;hombre;28
2012;2;Empleado doméstico ;0;mujer;684
2012;2;Jornalero o peón;1;hombre;770
2012;2;Jornalero o peón;0;mujer;53
2012;2;Obrero, empleado del gobierno;1;hombre;414
2012;2;Obrero, empleado del gobierno;0;mujer;410
2012;2;Obrero, empleado particular ;1;hombre;4378
2012;2;Obrero, empleado particular ;0;mujer;2767
2012;2;Otro;1;hombre;9
2012;2;Otro;0;mujer;21
2012;2;Patrón o empleador;1;hombre;784
2012;2;Patrón o empleador;0;mujer;241
2012;2;Trabajador familiar sin remuneración*;1;hombre;436
2012;2;Trabajador familiar sin remuneración*;0;mujer;680
2012;2;Trabajador por cuenta propia;1;hombre;5137
2012;2;Trabajador por cuenta propia;0;mujer;3583
2012;3;Empleado doméstico ;1;hombre;46
2012;3;Empleado doméstico ;0;mujer;723
2012;3;Jornalero o peón;1;hombre;700
2012;3;Jornalero o peón;0;mujer;37
2012;3;Obrero, empleado del gobierno;1;hombre;441
2012;3;Obrero, empleado del gobierno;0;mujer;393
2012;3;Obrero, empleado particular ;1;hombre;4459
2012;3;Obrero, empleado particular ;0;mujer;2830
2012;3;Otro;1;hombre;7
2012;3;Otro;0;mujer;19
2012;3;Patrón o empleador;1;hombre;760
2012;3;Patrón o empleador;0;mujer;240
2012;3;Trabajador familiar sin remuneración*;1;hombre;435
2012;3;Trabajador familiar sin remuneración*;0;mujer;672
2012;3;Trabajador por cuenta propia;1;hombre;5188
2012;3;Trabajador por cuenta propia;0;mujer;3654
2012;4;Empleado doméstico ;1;hombre;50
2012;4;Empleado doméstico ;0;mujer;712
2012;4;Jornalero o peón;1;hombre;700
2012;4;Jornalero o peón;0;mujer;34
2012;4;Obrero, empleado del gobierno;1;hombre;466
2012;4;Obrero, empleado del gobierno;0;mujer;405
2012;4;Obrero, empleado particular ;1;hombre;4412
2012;4;Obrero, empleado particular ;0;mujer;2865
2012;4;Otro;1;hombre;8
2012;4;Otro;0;mujer;17
2012;4;Patrón o empleador;1;hombre;751
2012;4;Patrón o empleador;0;mujer;250
2012;4;Trabajador familiar sin remuneración*;1;hombre;458
2012;4;Trabajador familiar sin remuneración*;0;mujer;698
2012;4;Trabajador por cuenta propia;1;hombre;5247
2012;4;Trabajador por cuenta propia;0;mujer;3705
2012;5;Empleado doméstico ;1;hombre;49
2012;5;Empleado doméstico ;0;mujer;715
2012;5;Jornalero o peón;1;hombre;719
2012;5;Jornalero o peón;0;mujer;41
2012;5;Obrero, empleado del gobierno;1;hombre;456
2012;5;Obrero, empleado del gobierno;0;mujer;387
2012;5;Obrero, empleado particular ;1;hombre;4434
2012;5;Obrero, empleado particular ;0;mujer;2816
2012;5;Otro;1;hombre;11
2012;5;Otro;0;mujer;11
2012;5;Patrón o empleador;1;hombre;753
2012;5;Patrón o empleador;0;mujer;257
2012;5;Trabajador familiar sin remuneración*;1;hombre;431
2012;5;Trabajador familiar sin remuneración*;0;mujer;696
2012;5;Trabajador por cuenta propia;1;hombre;5278
2012;5;Trabajador por cuenta propia;0;mujer;3718
2012;6;Empleado doméstico ;1;hombre;29
2012;6;Empleado doméstico ;0;mujer;714
2012;6;Jornalero o peón;1;hombre;784
2012;6;Jornalero o peón;0;mujer;52
2012;6;Obrero, empleado del gobierno;1;hombre;441
2012;6;Obrero, empleado del gobierno;0;mujer;413
2012;6;Obrero, empleado particular ;1;hombre;4476
2012;6;Obrero, empleado particular ;0;mujer;2818
2012;6;Otro;1;hombre;16
2012;6;Otro;0;mujer;12
2012;6;Patrón o empleador;1;hombre;767
2012;6;Patrón o empleador;0;mujer;276
2012;6;Trabajador familiar sin remuneración*;1;hombre;443
2012;6;Trabajador familiar sin remuneración*;0;mujer;688
2012;6;Trabajador por cuenta propia;1;hombre;5213
2012;6;Trabajador por cuenta propia;0;mujer;3642
2012;7;Empleado doméstico ;1;hombre;21
2012;7;Empleado doméstico ;0;mujer;721
2012;7;Jornalero o peón;1;hombre;746
2012;7;Jornalero o peón;0;mujer;46
2012;7;Obrero, empleado del gobierno;1;hombre;435
2012;7;Obrero, empleado del gobierno;0;mujer;386
2012;7;Obrero, empleado particular ;1;hombre;4517
2012;7;Obrero, empleado particular ;0;mujer;2795
2012;7;Otro;1;hombre;15
2012;7;Otro;0;mujer;14
2012;7;Patrón o empleador;1;hombre;747
2012;7;Patrón o empleador;0;mujer;260
2012;7;Trabajador familiar sin remuneración*;1;hombre;399
2012;7;Trabajador familiar sin remuneración*;0;mujer;665
2012;7;Trabajador por cuenta propia;1;hombre;5234
2012;7;Trabajador por cuenta propia;0;mujer;3625
2012;8;Empleado doméstico ;1;hombre;31
2012;8;Empleado doméstico ;0;mujer;724
2012;8;Jornalero o peón;1;hombre;759
2012;8;Jornalero o peón;0;mujer;60
2012;8;Obrero, empleado del gobierno;1;hombre;439
2012;8;Obrero, empleado del gobierno;0;mujer;406
2012;8;Obrero, empleado particular ;1;hombre;4543
2012;8;Obrero, empleado particular ;0;mujer;2858
2012;8;Otro;1;hombre;12
2012;8;Otro;0;mujer;16
2012;8;Patrón o empleador;1;hombre;775
2012;8;Patrón o empleador;0;mujer;270
2012;8;Trabajador familiar sin remuneración*;1;hombre;437
2012;8;Trabajador familiar sin remuneración*;0;mujer;727
2012;8;Trabajador por cuenta propia;1;hombre;5285
2012;8;Trabajador por cuenta propia;0;mujer;3635
2012;9;Empleado doméstico ;1;hombre;38
2012;9;Empleado doméstico ;0;mujer;708
2012;9;Jornalero o peón;1;hombre;702
2012;9;Jornalero o peón;0;mujer;66
2012;9;Obrero, empleado del gobierno;1;hombre;447
2012;9;Obrero, empleado del gobierno;0;mujer;390
2012;9;Obrero, empleado particular ;1;hombre;4526
2012;9;Obrero, empleado particular ;0;mujer;2914
2012;9;Otro;1;hombre;7
2012;9;Otro;0;mujer;17
2012;9;Patrón o empleador;1;hombre;740
2012;9;Patrón o empleador;0;mujer;244
2012;9;Trabajador familiar sin remuneración*;1;hombre;441
2012;9;Trabajador familiar sin remuneración*;0;mujer;719
2012;9;Trabajador por cuenta propia;1;hombre;5403
2012;9;Trabajador por cuenta propia;0;mujer;3669
2012;10;Empleado doméstico ;1;hombre;46
2012;10;Empleado doméstico ;0;mujer;684
2012;10;Jornalero o peón;1;hombre;703
2012;10;Jornalero o peón;0;mujer;83
2012;10;Obrero, empleado del gobierno;1;hombre;434
2012;10;Obrero, empleado del gobierno;0;mujer;373
2012;10;Obrero, empleado particular ;1;hombre;4578
2012;10;Obrero, empleado particular ;0;mujer;2986
2012;10;Otro;1;hombre;8
2012;10;Otro;0;mujer;15
2012;10;Patrón o empleador;1;hombre;746
2012;10;Patrón o empleador;0;mujer;246
2012;10;Trabajador familiar sin remuneración*;1;hombre;481
2012;10;Trabajador familiar sin remuneración*;0;mujer;733
2012;10;Trabajador por cuenta propia;1;hombre;5456
2012;10;Trabajador por cuenta propia;0;mujer;3620
2012;11;Empleado doméstico ;1;hombre;39
2012;11;Empleado doméstico ;0;mujer;642
2012;11;Jornalero o peón;1;hombre;642
2012;11;Jornalero o peón;0;mujer;57
2012;11;Obrero, empleado del gobierno;1;hombre;438
2012;11;Obrero, empleado del gobierno;0;mujer;367
2012;11;Obrero, empleado particular ;1;hombre;4527
2012;11;Obrero, empleado particular ;0;mujer;2952
2012;11;Otro;1;hombre;9
2012;11;Otro;0;mujer;15
2012;11;Patrón o empleador;1;hombre;721
2012;11;Patrón o empleador;0;mujer;233
2012;11;Trabajador familiar sin remuneración*;1;hombre;446
2012;11;Trabajador familiar sin remuneración*;0;mujer;681
2012;11;Trabajador por cuenta propia;1;hombre;5468
2012;11;Trabajador por cuenta propia;0;mujer;3526
2012;12;Empleado doméstico ;1;hombre;38
2012;12;Empleado doméstico ;0;mujer;610
2012;12;Jornalero o peón;1;hombre;696
2012;12;Jornalero o peón;0;mujer;67
2012;12;Obrero, empleado del gobierno;1;hombre;413
2012;12;Obrero, empleado del gobierno;0;mujer;364
2012;12;Obrero, empleado particular ;1;hombre;4484
2012;12;Obrero, empleado particular ;0;mujer;2894
2012;12;Otro;1;hombre;6
2012;12;Otro;0;mujer;18
2012;12;Patrón o empleador;1;hombre;733
2012;12;Patrón o empleador;0;mujer;246
2012;12;Trabajador familiar sin remuneración*;1;hombre;435
2012;12;Trabajador familiar sin remuneración*;0;mujer;654
2012;12;Trabajador por cuenta propia;1;hombre;5394
2012;12;Trabajador por cuenta propia;0;mujer;3478
2013;1;Empleado doméstico ;1;hombre;39
2013;1;Empleado doméstico ;0;mujer;609
2013;1;Jornalero o peón;1;hombre;675
2013;1;Jornalero o peón;0;mujer;63
2013;1;Obrero, empleado del gobierno;1;hombre;407
2013;1;Obrero, empleado del gobierno;0;mujer;385
2013;1;Obrero, empleado particular ;1;hombre;4512
2013;1;Obrero, empleado particular ;0;mujer;2864
2013;1;Otro;1;hombre;7
2013;1;Otro;0;mujer;18
2013;1;Patrón o empleador;1;hombre;708
2013;1;Patrón o empleador;0;mujer;228
2013;1;Trabajador familiar sin remuneración*;1;hombre;421
2013;1;Trabajador familiar sin remuneración*;0;mujer;629
2013;1;Trabajador por cuenta propia;1;hombre;5284
2013;1;Trabajador por cuenta propia;0;mujer;3473
2013;2;Empleado doméstico ;1;hombre;42
2013;2;Empleado doméstico ;0;mujer;631
2013;2;Jornalero o peón;1;hombre;691
2013;2;Jornalero o peón;0;mujer;74
2013;2;Obrero, empleado del gobierno;1;hombre;413
2013;2;Obrero, empleado del gobierno;0;mujer;403
2013;2;Obrero, empleado particular ;1;hombre;4565
2013;2;Obrero, empleado particular ;0;mujer;2930
2013;2;Otro;1;hombre;12
2013;2;Otro;0;mujer;18
2013;2;Patrón o empleador;1;hombre;685
2013;2;Patrón o empleador;0;mujer;241
2013;2;Trabajador familiar sin remuneración*;1;hombre;414
2013;2;Trabajador familiar sin remuneración*;0;mujer;619
2013;2;Trabajador por cuenta propia;1;hombre;5202
2013;2;Trabajador por cuenta propia;0;mujer;3508
2013;3;Empleado doméstico ;1;hombre;39
2013;3;Empleado doméstico ;0;mujer;680
2013;3;Jornalero o peón;1;hombre;597
2013;3;Jornalero o peón;0;mujer;53
2013;3;Obrero, empleado del gobierno;1;hombre;431
2013;3;Obrero, empleado del gobierno;0;mujer;424
2013;3;Obrero, empleado particular ;1;hombre;4681
2013;3;Obrero, empleado particular ;0;mujer;3045
2013;3;Otro;1;hombre;18
2013;3;Otro;0;mujer;19
2013;3;Patrón o empleador;1;hombre;684
2013;3;Patrón o empleador;0;mujer;226
2013;3;Trabajador familiar sin remuneración*;1;hombre;387
2013;3;Trabajador familiar sin remuneración*;0;mujer;620
2013;3;Trabajador por cuenta propia;1;hombre;5280
2013;3;Trabajador por cuenta propia;0;mujer;3594
2013;4;Empleado doméstico ;1;hombre;37
2013;4;Empleado doméstico ;0;mujer;717
2013;4;Jornalero o peón;1;hombre;653
2013;4;Jornalero o peón;0;mujer;43
2013;4;Obrero, empleado del gobierno;1;hombre;435
2013;4;Obrero, empleado del gobierno;0;mujer;437
2013;4;Obrero, empleado particular ;1;hombre;4611
2013;4;Obrero, empleado particular ;0;mujer;3062
2013;4;Otro;1;hombre;15
2013;4;Otro;0;mujer;18
2013;4;Patrón o empleador;1;hombre;704
2013;4;Patrón o empleador;0;mujer;248
2013;4;Trabajador familiar sin remuneración*;1;hombre;394
2013;4;Trabajador familiar sin remuneración*;0;mujer;606
2013;4;Trabajador por cuenta propia;1;hombre;5316
2013;4;Trabajador por cuenta propia;0;mujer;3673
2013;5;Empleado doméstico ;1;hombre;30
2013;5;Empleado doméstico ;0;mujer;715
2013;5;Jornalero o peón;1;hombre;691
2013;5;Jornalero o peón;0;mujer;52
2013;5;Obrero, empleado del gobierno;1;hombre;441
2013;5;Obrero, empleado del gobierno;0;mujer;424
2013;5;Obrero, empleado particular ;1;hombre;4680
2013;5;Obrero, empleado particular ;0;mujer;3047
2013;5;Otro;1;hombre;11
2013;5;Otro;0;mujer;19
2013;5;Patrón o empleador;1;hombre;710
2013;5;Patrón o empleador;0;mujer;252
2013;5;Trabajador familiar sin remuneración*;1;hombre;396
2013;5;Trabajador familiar sin remuneración*;0;mujer;584
2013;5;Trabajador por cuenta propia;1;hombre;5292
2013;5;Trabajador por cuenta propia;0;mujer;3748
2013;6;Empleado doméstico ;1;hombre;34
2013;6;Empleado doméstico ;0;mujer;686
2013;6;Jornalero o peón;1;hombre;785
2013;6;Jornalero o peón;0;mujer;59
2013;6;Obrero, empleado del gobierno;1;hombre;450
2013;6;Obrero, empleado del gobierno;0;mujer;427
2013;6;Obrero, empleado particular ;1;hombre;4597
2013;6;Obrero, empleado particular ;0;mujer;3021
2013;6;Otro;1;hombre;10
2013;6;Otro;0;mujer;14
2013;6;Patrón o empleador;1;hombre;718
2013;6;Patrón o empleador;0;mujer;267
2013;6;Trabajador familiar sin remuneración*;1;hombre;432
2013;6;Trabajador familiar sin remuneración*;0;mujer;631
2013;6;Trabajador por cuenta propia;1;hombre;5222
2013;6;Trabajador por cuenta propia;0;mujer;3747
2013;7;Empleado doméstico ;1;hombre;35
2013;7;Empleado doméstico ;0;mujer;679
2013;7;Jornalero o peón;1;hombre;771
2013;7;Jornalero o peón;0;mujer;64
2013;7;Obrero, empleado del gobierno;1;hombre;463
2013;7;Obrero, empleado del gobierno;0;mujer;430
2013;7;Obrero, empleado particular ;1;hombre;4633
2013;7;Obrero, empleado particular ;0;mujer;3048
2013;7;Otro;1;hombre;8
2013;7;Otro;0;mujer;14
2013;7;Patrón o empleador;1;hombre;700
2013;7;Patrón o empleador;0;mujer;258
2013;7;Trabajador familiar sin remuneración*;1;hombre;424
2013;7;Trabajador familiar sin remuneración*;0;mujer;642
2013;7;Trabajador por cuenta propia;1;hombre;5269
2013;7;Trabajador por cuenta propia;0;mujer;3707
2013;8;Empleado doméstico ;1;hombre;42
2013;8;Empleado doméstico ;0;mujer;699
2013;8;Jornalero o peón;1;hombre;768
2013;8;Jornalero o peón;0;mujer;60
2013;8;Obrero, empleado del gobierno;1;hombre;446
2013;8;Obrero, empleado del gobierno;0;mujer;447
2013;8;Obrero, empleado particular ;1;hombre;4582
2013;8;Obrero, empleado particular ;0;mujer;3114
2013;8;Otro;1;hombre;11
2013;8;Otro;0;mujer;15
2013;8;Patrón o empleador;1;hombre;727
2013;8;Patrón o empleador;0;mujer;259
2013;8;Trabajador familiar sin remuneración*;1;hombre;498
2013;8;Trabajador familiar sin remuneración*;0;mujer;741
2013;8;Trabajador por cuenta propia;1;hombre;5407
2013;8;Trabajador por cuenta propia;0;mujer;3734
2013;9;Empleado doméstico ;1;hombre;48
2013;9;Empleado doméstico ;0;mujer;693
2013;9;Jornalero o peón;1;hombre;723
2013;9;Jornalero o peón;0;mujer;64
2013;9;Obrero, empleado del gobierno;1;hombre;452
2013;9;Obrero, empleado del gobierno;0;mujer;435
2013;9;Obrero, empleado particular ;1;hombre;4614
2013;9;Obrero, empleado particular ;0;mujer;3163
2013;9;Otro;1;hombre;7
2013;9;Otro;0;mujer;18
2013;9;Patrón o empleador;1;hombre;695
2013;9;Patrón o empleador;0;mujer;253
2013;9;Trabajador familiar sin remuneración*;1;hombre;498
2013;9;Trabajador familiar sin remuneración*;0;mujer;712
2013;9;Trabajador por cuenta propia;1;hombre;5507
2013;9;Trabajador por cuenta propia;0;mujer;3722
2013;10;Empleado doméstico ;1;hombre;39
2013;10;Empleado doméstico ;0;mujer;686
2013;10;Jornalero o peón;1;hombre;688
2013;10;Jornalero o peón;0;mujer;66
2013;10;Obrero, empleado del gobierno;1;hombre;432
2013;10;Obrero, empleado del gobierno;0;mujer;422
2013;10;Obrero, empleado particular ;1;hombre;4735
2013;10;Obrero, empleado particular ;0;mujer;3176
2013;10;Otro;1;hombre;9
2013;10;Otro;0;mujer;18
2013;10;Patrón o empleador;1;hombre;713
2013;10;Patrón o empleador;0;mujer;267
2013;10;Trabajador familiar sin remuneración*;1;hombre;511
2013;10;Trabajador familiar sin remuneración*;0;mujer;711
2013;10;Trabajador por cuenta propia;1;hombre;5576
2013;10;Trabajador por cuenta propia;0;mujer;3710
2013;11;Empleado doméstico ;1;hombre;34
2013;11;Empleado doméstico ;0;mujer;671
2013;11;Jornalero o peón;1;hombre;615
2013;11;Jornalero o peón;0;mujer;54
2013;11;Obrero, empleado del gobierno;1;hombre;453
2013;11;Obrero, empleado del gobierno;0;mujer;422
2013;11;Obrero, empleado particular ;1;hombre;4658
2013;11;Obrero, empleado particular ;0;mujer;3098
2013;11;Otro;1;hombre;6
2013;11;Otro;0;mujer;12
2013;11;Patrón o empleador;1;hombre;688
2013;11;Patrón o empleador;0;mujer;262
2013;11;Trabajador familiar sin remuneración*;1;hombre;451
2013;11;Trabajador familiar sin remuneración*;0;mujer;618
2013;11;Trabajador por cuenta propia;1;hombre;5643
2013;11;Trabajador por cuenta propia;0;mujer;3568
2013;12;Empleado doméstico ;1;hombre;25
2013;12;Empleado doméstico ;0;mujer;652
2013;12;Jornalero o peón;1;hombre;649
2013;12;Jornalero o peón;0;mujer;47
2013;12;Obrero, empleado del gobierno;1;hombre;425
2013;12;Obrero, empleado del gobierno;0;mujer;414
2013;12;Obrero, empleado particular ;1;hombre;4719
2013;12;Obrero, empleado particular ;0;mujer;3078
2013;12;Otro;1;hombre;6
2013;12;Otro;0;mujer;13
2013;12;Patrón o empleador;1;hombre;696
2013;12;Patrón o empleador;0;mujer;248
2013;12;Trabajador familiar sin remuneración*;1;hombre;407
2013;12;Trabajador familiar sin remuneración*;0;mujer;600
2013;12;Trabajador por cuenta propia;1;hombre;5499
2013;12;Trabajador por cuenta propia;0;mujer;3488
2014;1;Empleado doméstico ;1;hombre;32
2014;1;Empleado doméstico ;0;mujer;664
2014;1;Jornalero o peón;1;hombre;631
2014;1;Jornalero o peón;0;mujer;56
2014;1;Obrero, empleado del gobierno;1;hombre;432
2014;1;Obrero, empleado del gobierno;0;mujer;407
2014;1;Obrero, empleado particular ;1;hombre;4717
2014;1;Obrero, empleado particular ;0;mujer;3077
2014;1;Otro;1;hombre;6
2014;1;Otro;0;mujer;16
2014;1;Patrón o empleador;1;hombre;663
2014;1;Patrón o empleador;0;mujer;226
2014;1;Trabajador familiar sin remuneración*;1;hombre;370
2014;1;Trabajador familiar sin remuneración*;0;mujer;572
2014;1;Trabajador por cuenta propia;1;hombre;5374
2014;1;Trabajador por cuenta propia;0;mujer;3463
2014;2;Empleado doméstico ;1;hombre;31
2014;2;Empleado doméstico ;0;mujer;659
2014;2;Jornalero o peón;1;hombre;646
2014;2;Jornalero o peón;0;mujer;55
2014;2;Obrero, empleado del gobierno;1;hombre;416
2014;2;Obrero, empleado del gobierno;0;mujer;385
2014;2;Obrero, empleado particular ;1;hombre;4850
2014;2;Obrero, empleado particular ;0;mujer;3215
2014;2;Otro;1;hombre;10
2014;2;Otro;0;mujer;17
2014;2;Patrón o empleador;1;hombre;664
2014;2;Patrón o empleador;0;mujer;241
2014;2;Trabajador familiar sin remuneración*;1;hombre;368
2014;2;Trabajador familiar sin remuneración*;0;mujer;588
2014;2;Trabajador por cuenta propia;1;hombre;5253
2014;2;Trabajador por cuenta propia;0;mujer;3524
2014;3;Empleado doméstico ;1;hombre;33
2014;3;Empleado doméstico ;0;mujer;702
2014;3;Jornalero o peón;1;hombre;550
2014;3;Jornalero o peón;0;mujer;52
2014;3;Obrero, empleado del gobierno;1;hombre;428
2014;3;Obrero, empleado del gobierno;0;mujer;394
2014;3;Obrero, empleado particular ;1;hombre;4881
2014;3;Obrero, empleado particular ;0;mujer;3225
2014;3;Otro;1;hombre;11
2014;3;Otro;0;mujer;16
2014;3;Patrón o empleador;1;hombre;658
2014;3;Patrón o empleador;0;mujer;261
2014;3;Trabajador familiar sin remuneración*;1;hombre;374
2014;3;Trabajador familiar sin remuneración*;0;mujer;580
2014;3;Trabajador por cuenta propia;1;hombre;5420
2014;3;Trabajador por cuenta propia;0;mujer;3611
2014;4;Empleado doméstico ;1;hombre;36
2014;4;Empleado doméstico ;0;mujer;684
2014;4;Jornalero o peón;1;hombre;595
2014;4;Jornalero o peón;0;mujer;31
2014;4;Obrero, empleado del gobierno;1;hombre;447
2014;4;Obrero, empleado del gobierno;0;mujer;406
2014;4;Obrero, empleado particular ;1;hombre;4783
2014;4;Obrero, empleado particular ;0;mujer;3293
2014;4;Otro;1;hombre;9
2014;4;Otro;0;mujer;16
2014;4;Patrón o empleador;1;hombre;653
2014;4;Patrón o empleador;0;mujer;273
2014;4;Trabajador familiar sin remuneración*;1;hombre;378
2014;4;Trabajador familiar sin remuneración*;0;mujer;602
2014;4;Trabajador por cuenta propia;1;hombre;5535
2014;4;Trabajador por cuenta propia;0;mujer;3677
2014;5;Empleado doméstico ;1;hombre;34
2014;5;Empleado doméstico ;0;mujer;679
2014;5;Jornalero o peón;1;hombre;623
2014;5;Jornalero o peón;0;mujer;40
2014;5;Obrero, empleado del gobierno;1;hombre;451
2014;5;Obrero, empleado del gobierno;0;mujer;446
2014;5;Obrero, empleado particular ;1;hombre;4814
2014;5;Obrero, empleado particular ;0;mujer;3280
2014;5;Otro;1;hombre;6
2014;5;Otro;0;mujer;17
2014;5;Patrón o empleador;1;hombre;640
2014;5;Patrón o empleador;0;mujer;239
2014;5;Trabajador familiar sin remuneración*;1;hombre;355
2014;5;Trabajador familiar sin remuneración*;0;mujer;599
2014;5;Trabajador por cuenta propia;1;hombre;5503
2014;5;Trabajador por cuenta propia;0;mujer;3660
2014;6;Empleado doméstico ;1;hombre;37
2014;6;Empleado doméstico ;0;mujer;667
2014;6;Jornalero o peón;1;hombre;707
2014;6;Jornalero o peón;0;mujer;46
2014;6;Obrero, empleado del gobierno;1;hombre;450
2014;6;Obrero, empleado del gobierno;0;mujer;441
2014;6;Obrero, empleado particular ;1;hombre;4738
2014;6;Obrero, empleado particular ;0;mujer;3331
2014;6;Otro;1;hombre;5
2014;6;Otro;0;mujer;15
2014;6;Patrón o empleador;1;hombre;660
2014;6;Patrón o empleador;0;mujer;238
2014;6;Trabajador familiar sin remuneración*;1;hombre;392
2014;6;Trabajador familiar sin remuneración*;0;mujer;648
2014;6;Trabajador por cuenta propia;1;hombre;5473
2014;6;Trabajador por cuenta propia;0;mujer;3643
2014;7;Empleado doméstico ;1;hombre;31
2014;7;Empleado doméstico ;0;mujer;661
2014;7;Jornalero o peón;1;hombre;721
2014;7;Jornalero o peón;0;mujer;55
2014;7;Obrero, empleado del gobierno;1;hombre;425
2014;7;Obrero, empleado del gobierno;0;mujer;444
2014;7;Obrero, empleado particular ;1;hombre;4827
2014;7;Obrero, empleado particular ;0;mujer;3330
2014;7;Otro;1;hombre;6
2014;7;Otro;0;mujer;14
2014;7;Patrón o empleador;1;hombre;684
2014;7;Patrón o empleador;0;mujer;225
2014;7;Trabajador familiar sin remuneración*;1;hombre;409
2014;7;Trabajador familiar sin remuneración*;0;mujer;649
2014;7;Trabajador por cuenta propia;1;hombre;5438
2014;7;Trabajador por cuenta propia;0;mujer;3698
2014;8;Empleado doméstico ;1;hombre;45
2014;8;Empleado doméstico ;0;mujer;681
2014;8;Jornalero o peón;1;hombre;693
2014;8;Jornalero o peón;0;mujer;58
2014;8;Obrero, empleado del gobierno;1;hombre;411
2014;8;Obrero, empleado del gobierno;0;mujer;421
2014;8;Obrero, empleado particular ;1;hombre;4883
2014;8;Obrero, empleado particular ;0;mujer;3352
2014;8;Otro;1;hombre;6
2014;8;Otro;0;mujer;14
2014;8;Patrón o empleador;1;hombre;711
2014;8;Patrón o empleador;0;mujer;233
2014;8;Trabajador familiar sin remuneración*;1;hombre;460
2014;8;Trabajador familiar sin remuneración*;0;mujer;695
2014;8;Trabajador por cuenta propia;1;hombre;5574
2014;8;Trabajador por cuenta propia;0;mujer;3850
2014;9;Empleado doméstico ;1;hombre;41
2014;9;Empleado doméstico ;0;mujer;687
2014;9;Jornalero o peón;1;hombre;664
2014;9;Jornalero o peón;0;mujer;53
2014;9;Obrero, empleado del gobierno;1;hombre;423
2014;9;Obrero, empleado del gobierno;0;mujer;435
2014;9;Obrero, empleado particular ;1;hombre;5016
2014;9;Obrero, empleado particular ;0;mujer;3360
2014;9;Otro;1;hombre;8
2014;9;Otro;0;mujer;15
2014;9;Patrón o empleador;1;hombre;703
2014;9;Patrón o empleador;0;mujer;208
2014;9;Trabajador familiar sin remuneración*;1;hombre;469
2014;9;Trabajador familiar sin remuneración*;0;mujer;688
2014;9;Trabajador por cuenta propia;1;hombre;5579
2014;9;Trabajador por cuenta propia;0;mujer;3933
2014;10;Empleado doméstico ;1;hombre;46
2014;10;Empleado doméstico ;0;mujer;687
2014;10;Jornalero o peón;1;hombre;602
2014;10;Jornalero o peón;0;mujer;55
2014;10;Obrero, empleado del gobierno;1;hombre;435
2014;10;Obrero, empleado del gobierno;0;mujer;415
2014;10;Obrero, empleado particular ;1;hombre;5067
2014;10;Obrero, empleado particular ;0;mujer;3402
2014;10;Otro;1;hombre;9
2014;10;Otro;0;mujer;14
2014;10;Patrón o empleador;1;hombre;669
2014;10;Patrón o empleador;0;mujer;202
2014;10;Trabajador familiar sin remuneración*;1;hombre;493
2014;10;Trabajador familiar sin remuneración*;0;mujer;708
2014;10;Trabajador por cuenta propia;1;hombre;5643
2014;10;Trabajador por cuenta propia;0;mujer;3825
2014;11;Empleado doméstico ;1;hombre;39
2014;11;Empleado doméstico ;0;mujer;667
2014;11;Jornalero o peón;1;hombre;556
2014;11;Jornalero o peón;0;mujer;49
2014;11;Obrero, empleado del gobierno;1;hombre;439
2014;11;Obrero, empleado del gobierno;0;mujer;404
2014;11;Obrero, empleado particular ;1;hombre;4978
2014;11;Obrero, empleado particular ;0;mujer;3350
2014;11;Otro;1;hombre;8
2014;11;Otro;0;mujer;12
2014;11;Patrón o empleador;1;hombre;665
2014;11;Patrón o empleador;0;mujer;211
2014;11;Trabajador familiar sin remuneración*;1;hombre;452
2014;11;Trabajador familiar sin remuneración*;0;mujer;661
2014;11;Trabajador por cuenta propia;1;hombre;5643
2014;11;Trabajador por cuenta propia;0;mujer;3629
2014;12;Empleado doméstico ;1;hombre;38
2014;12;Empleado doméstico ;0;mujer;643
2014;12;Jornalero o peón;1;hombre;581
2014;12;Jornalero o peón;0;mujer;45
2014;12;Obrero, empleado del gobierno;1;hombre;420
2014;12;Obrero, empleado del gobierno;0;mujer;382
2014;12;Obrero, empleado particular ;1;hombre;4877
2014;12;Obrero, empleado particular ;0;mujer;3324
2014;12;Otro;1;hombre;7
2014;12;Otro;0;mujer;11
2014;12;Patrón o empleador;1;hombre;642
2014;12;Patrón o empleador;0;mujer;222
2014;12;Trabajador familiar sin remuneración*;1;hombre;430
2014;12;Trabajador familiar sin remuneración*;0;mujer;632
2014;12;Trabajador por cuenta propia;1;hombre;5661
2014;12;Trabajador por cuenta propia;0;mujer;3508
2015;1;Empleado doméstico ;1;hombre;35
2015;1;Empleado doméstico ;0;mujer;655
2015;1;Jornalero o peón;1;hombre;613
2015;1;Jornalero o peón;0;mujer;44
2015;1;Obrero, empleado del gobierno;1;hombre;414
2015;1;Obrero, empleado del gobierno;0;mujer;411
2015;1;Obrero, empleado particular ;1;hombre;4898
2015;1;Obrero, empleado particular ;0;mujer;3325
2015;1;Otro;1;hombre;7
2015;1;Otro;0;mujer;18
2015;1;Patrón o empleador;1;hombre;660
2015;1;Patrón o empleador;0;mujer;233
2015;1;Trabajador familiar sin remuneración*;1;hombre;389
2015;1;Trabajador familiar sin remuneración*;0;mujer;614
2015;1;Trabajador por cuenta propia;1;hombre;5551
2015;1;Trabajador por cuenta propia;0;mujer;3501
2015;2;Empleado doméstico ;1;hombre;38
2015;2;Empleado doméstico ;0;mujer;663
2015;2;Jornalero o peón;1;hombre;652
2015;2;Jornalero o peón;0;mujer;49
2015;2;Obrero, empleado del gobierno;1;hombre;410
2015;2;Obrero, empleado del gobierno;0;mujer;413
2015;2;Obrero, empleado particular ;1;hombre;4990
2015;2;Obrero, empleado particular ;0;mujer;3387
2015;2;Otro;1;hombre;7
2015;2;Otro;0;mujer;22
2015;2;Patrón o empleador;1;hombre;642
2015;2;Patrón o empleador;0;mujer;228
2015;2;Trabajador familiar sin remuneración*;1;hombre;407
2015;2;Trabajador familiar sin remuneración*;0;mujer;632
2015;2;Trabajador por cuenta propia;1;hombre;5519
2015;2;Trabajador por cuenta propia;0;mujer;3623
2015;3;Empleado doméstico ;1;hombre;43
2015;3;Empleado doméstico ;0;mujer;737
2015;3;Jornalero o peón;1;hombre;580
2015;3;Jornalero o peón;0;mujer;49
2015;3;Obrero, empleado del gobierno;1;hombre;427
2015;3;Obrero, empleado del gobierno;0;mujer;425
2015;3;Obrero, empleado particular ;1;hombre;5064
2015;3;Obrero, empleado particular ;0;mujer;3411
2015;3;Otro;1;hombre;6
2015;3;Otro;0;mujer;19
2015;3;Patrón o empleador;1;hombre;632
2015;3;Patrón o empleador;0;mujer;218
2015;3;Trabajador familiar sin remuneración*;1;hombre;395
2015;3;Trabajador familiar sin remuneración*;0;mujer;636
2015;3;Trabajador por cuenta propia;1;hombre;5532
2015;3;Trabajador por cuenta propia;0;mujer;3710
2015;4;Empleado doméstico ;1;hombre;44
2015;4;Empleado doméstico ;0;mujer;720
2015;4;Jornalero o peón;1;hombre;622
2015;4;Jornalero o peón;0;mujer;54
2015;4;Obrero, empleado del gobierno;1;hombre;445
2015;4;Obrero, empleado del gobierno;0;mujer;420
2015;4;Obrero, empleado particular ;1;hombre;4974
2015;4;Obrero, empleado particular ;0;mujer;3407
2015;4;Otro;1;hombre;6
2015;4;Otro;0;mujer;13
2015;4;Patrón o empleador;1;hombre;676
2015;4;Patrón o empleador;0;mujer;224
2015;4;Trabajador familiar sin remuneración*;1;hombre;399
2015;4;Trabajador familiar sin remuneración*;0;mujer;637
2015;4;Trabajador por cuenta propia;1;hombre;5565
2015;4;Trabajador por cuenta propia;0;mujer;3813
2015;5;Empleado doméstico ;1;hombre;36
2015;5;Empleado doméstico ;0;mujer;734
2015;5;Jornalero o peón;1;hombre;640
2015;5;Jornalero o peón;0;mujer;53
2015;5;Obrero, empleado del gobierno;1;hombre;451
2015;5;Obrero, empleado del gobierno;0;mujer;410
2015;5;Obrero, empleado particular ;1;hombre;4921
2015;5;Obrero, empleado particular ;0;mujer;3386
2015;5;Otro;1;hombre;5
2015;5;Otro;0;mujer;10
2015;5;Patrón o empleador;1;hombre;695
2015;5;Patrón o empleador;0;mujer;228
2015;5;Trabajador familiar sin remuneración*;1;hombre;364
2015;5;Trabajador familiar sin remuneración*;0;mujer;608
2015;5;Trabajador por cuenta propia;1;hombre;5586
2015;5;Trabajador por cuenta propia;0;mujer;3800
2015;6;Empleado doméstico ;1;hombre;30
2015;6;Empleado doméstico ;0;mujer;678
2015;6;Jornalero o peón;1;hombre;733
2015;6;Jornalero o peón;0;mujer;58
2015;6;Obrero, empleado del gobierno;1;hombre;471
2015;6;Obrero, empleado del gobierno;0;mujer;410
2015;6;Obrero, empleado particular ;1;hombre;4913
2015;6;Obrero, empleado particular ;0;mujer;3447
2015;6;Otro;1;hombre;7
2015;6;Otro;0;mujer;17
2015;6;Patrón o empleador;1;hombre;719
2015;6;Patrón o empleador;0;mujer;254
2015;6;Trabajador familiar sin remuneración*;1;hombre;340
2015;6;Trabajador familiar sin remuneración*;0;mujer;581
2015;6;Trabajador por cuenta propia;1;hombre;5523
2015;6;Trabajador por cuenta propia;0;mujer;3776
2015;7;Empleado doméstico ;1;hombre;37
2015;7;Empleado doméstico ;0;mujer;690
2015;7;Jornalero o peón;1;hombre;660
2015;7;Jornalero o peón;0;mujer;55
2015;7;Obrero, empleado del gobierno;1;hombre;454
2015;7;Obrero, empleado del gobierno;0;mujer;406
2015;7;Obrero, empleado particular ;1;hombre;4983
2015;7;Obrero, empleado particular ;0;mujer;3525
2015;7;Otro;1;hombre;9
2015;7;Otro;0;mujer;16
2015;7;Patrón o empleador;1;hombre;675
2015;7;Patrón o empleador;0;mujer;263
2015;7;Trabajador familiar sin remuneración*;1;hombre;323
2015;7;Trabajador familiar sin remuneración*;0;mujer;565
2015;7;Trabajador por cuenta propia;1;hombre;5549
2015;7;Trabajador por cuenta propia;0;mujer;3726
2015;8;Empleado doméstico ;1;hombre;38
2015;8;Empleado doméstico ;0;mujer;704
2015;8;Jornalero o peón;1;hombre;684
2015;8;Jornalero o peón;0;mujer;60
2015;8;Obrero, empleado del gobierno;1;hombre;462
2015;8;Obrero, empleado del gobierno;0;mujer;424
2015;8;Obrero, empleado particular ;1;hombre;5067
2015;8;Obrero, empleado particular ;0;mujer;3592
2015;8;Otro;1;hombre;10
2015;8;Otro;0;mujer;22
2015;8;Patrón o empleador;1;hombre;662
2015;8;Patrón o empleador;0;mujer;258
2015;8;Trabajador familiar sin remuneración*;1;hombre;366
2015;8;Trabajador familiar sin remuneración*;0;mujer;653
2015;8;Trabajador por cuenta propia;1;hombre;5585
2015;8;Trabajador por cuenta propia;0;mujer;3756
2015;9;Empleado doméstico ;1;hombre;39
2015;9;Empleado doméstico ;0;mujer;721
2015;9;Jornalero o peón;1;hombre;658
2015;9;Jornalero o peón;0;mujer;78
2015;9;Obrero, empleado del gobierno;1;hombre;438
2015;9;Obrero, empleado del gobierno;0;mujer;412
2015;9;Obrero, empleado particular ;1;hombre;5083
2015;9;Obrero, empleado particular ;0;mujer;3578
2015;9;Otro;1;hombre;13
2015;9;Otro;0;mujer;19
2015;9;Patrón o empleador;1;hombre;664
2015;9;Patrón o empleador;0;mujer;249
2015;9;Trabajador familiar sin remuneración*;1;hombre;418
2015;9;Trabajador familiar sin remuneración*;0;mujer;704
2015;9;Trabajador por cuenta propia;1;hombre;5707
2015;9;Trabajador por cuenta propia;0;mujer;3841
2015;10;Empleado doméstico ;1;hombre;41
2015;10;Empleado doméstico ;0;mujer;679
2015;10;Jornalero o peón;1;hombre;664
2015;10;Jornalero o peón;0;mujer;82
2015;10;Obrero, empleado del gobierno;1;hombre;437
2015;10;Obrero, empleado del gobierno;0;mujer;416
2015;10;Obrero, empleado particular ;1;hombre;5112
2015;10;Obrero, empleado particular ;0;mujer;3557
2015;10;Otro;1;hombre;12
2015;10;Otro;0;mujer;20
2015;10;Patrón o empleador;1;hombre;665
2015;10;Patrón o empleador;0;mujer;233
2015;10;Trabajador familiar sin remuneración*;1;hombre;442
2015;10;Trabajador familiar sin remuneración*;0;mujer;715
2015;10;Trabajador por cuenta propia;1;hombre;5831
2015;10;Trabajador por cuenta propia;0;mujer;3843
2015;11;Empleado doméstico ;1;hombre;42
2015;11;Empleado doméstico ;0;mujer;625
2015;11;Jornalero o peón;1;hombre;584
2015;11;Jornalero o peón;0;mujer;70
2015;11;Obrero, empleado del gobierno;1;hombre;450
2015;11;Obrero, empleado del gobierno;0;mujer;416
2015;11;Obrero, empleado particular ;1;hombre;5007
2015;11;Obrero, empleado particular ;0;mujer;3471
2015;11;Otro;1;hombre;12
2015;11;Otro;0;mujer;11
2015;11;Patrón o empleador;1;hombre;634
2015;11;Patrón o empleador;0;mujer;244
2015;11;Trabajador familiar sin remuneración*;1;hombre;439
2015;11;Trabajador familiar sin remuneración*;0;mujer;627
2015;11;Trabajador por cuenta propia;1;hombre;5837
2015;11;Trabajador por cuenta propia;0;mujer;3734
2015;12;Empleado doméstico ;1;hombre;41
2015;12;Empleado doméstico ;0;mujer;598
2015;12;Jornalero o peón;1;hombre;604
2015;12;Jornalero o peón;0;mujer;52
2015;12;Obrero, empleado del gobierno;1;hombre;461
2015;12;Obrero, empleado del gobierno;0;mujer;424
2015;12;Obrero, empleado particular ;1;hombre;4940
2015;12;Obrero, empleado particular ;0;mujer;3441
2015;12;Otro;1;hombre;7
2015;12;Otro;0;mujer;10
2015;12;Patrón o empleador;1;hombre;619
2015;12;Patrón o empleador;0;mujer;235
2015;12;Trabajador familiar sin remuneración*;1;hombre;419
2015;12;Trabajador familiar sin remuneración*;0;mujer;587
2015;12;Trabajador por cuenta propia;1;hombre;5755
2015;12;Trabajador por cuenta propia;0;mujer;3664
2016;1;Empleado doméstico ;1;hombre;34
2016;1;Empleado doméstico ;0;mujer;635
2016;1;Jornalero o peón;1;hombre;590
2016;1;Jornalero o peón;0;mujer;50
2016;1;Obrero, empleado del gobierno;1;hombre;480
2016;1;Obrero, empleado del gobierno;0;mujer;419
2016;1;Obrero, empleado particular ;1;hombre;4871
2016;1;Obrero, empleado particular ;0;mujer;3427
2016;1;Otro;1;hombre;6
2016;1;Otro;0;mujer;13
2016;1;Patrón o empleador;1;hombre;592
2016;1;Patrón o empleador;0;mujer;217
2016;1;Trabajador familiar sin remuneración*;1;hombre;402
2016;1;Trabajador familiar sin remuneración*;0;mujer;571
2016;1;Trabajador por cuenta propia;1;hombre;5652
2016;1;Trabajador por cuenta propia;0;mujer;3594
2016;2;Empleado doméstico ;1;hombre;35
2016;2;Empleado doméstico ;0;mujer;663
2016;2;Jornalero o peón;1;hombre;639
2016;2;Jornalero o peón;0;mujer;52
2016;2;Obrero, empleado del gobierno;1;hombre;474
2016;2;Obrero, empleado del gobierno;0;mujer;408
2016;2;Obrero, empleado particular ;1;hombre;4967
2016;2;Obrero, empleado particular ;0;mujer;3532
2016;2;Otro;1;hombre;7
2016;2;Otro;0;mujer;19
2016;2;Patrón o empleador;1;hombre;596
2016;2;Patrón o empleador;0;mujer;198
2016;2;Trabajador familiar sin remuneración*;1;hombre;361
2016;2;Trabajador familiar sin remuneración*;0;mujer;585
2016;2;Trabajador por cuenta propia;1;hombre;5604
2016;2;Trabajador por cuenta propia;0;mujer;3673
2016;3;Empleado doméstico ;1;hombre;34
2016;3;Empleado doméstico ;0;mujer;659
2016;3;Jornalero o peón;1;hombre;555
2016;3;Jornalero o peón;0;mujer;37
2016;3;Obrero, empleado del gobierno;1;hombre;473
2016;3;Obrero, empleado del gobierno;0;mujer;418
2016;3;Obrero, empleado particular ;1;hombre;5037
2016;3;Obrero, empleado particular ;0;mujer;3583
2016;3;Otro;1;hombre;7
2016;3;Otro;0;mujer;22
2016;3;Patrón o empleador;1;hombre;594
2016;3;Patrón o empleador;0;mujer;207
2016;3;Trabajador familiar sin remuneración*;1;hombre;319
2016;3;Trabajador familiar sin remuneración*;0;mujer;570
2016;3;Trabajador por cuenta propia;1;hombre;5652
2016;3;Trabajador por cuenta propia;0;mujer;3706
2016;4;Empleado doméstico ;1;hombre;30
2016;4;Empleado doméstico ;0;mujer;651
2016;4;Jornalero o peón;1;hombre;586
2016;4;Jornalero o peón;0;mujer;31
2016;4;Obrero, empleado del gobierno;1;hombre;463
2016;4;Obrero, empleado del gobierno;0;mujer;433
2016;4;Obrero, empleado particular ;1;hombre;5071
2016;4;Obrero, empleado particular ;0;mujer;3583
2016;4;Otro;1;hombre;6
2016;4;Otro;0;mujer;18
2016;4;Patrón o empleador;1;hombre;606
2016;4;Patrón o empleador;0;mujer;222
2016;4;Trabajador familiar sin remuneración*;1;hombre;317
2016;4;Trabajador familiar sin remuneración*;0;mujer;584
2016;4;Trabajador por cuenta propia;1;hombre;5709
2016;4;Trabajador por cuenta propia;0;mujer;3835
2016;5;Empleado doméstico ;1;hombre;31
2016;5;Empleado doméstico ;0;mujer;623
2016;5;Jornalero o peón;1;hombre;590
2016;5;Jornalero o peón;0;mujer;36
2016;5;Obrero, empleado del gobierno;1;hombre;446
2016;5;Obrero, empleado del gobierno;0;mujer;436
2016;5;Obrero, empleado particular ;1;hombre;5007
2016;5;Obrero, empleado particular ;0;mujer;3509
2016;5;Otro;1;hombre;4
2016;5;Otro;0;mujer;14
2016;5;Patrón o empleador;1;hombre;630
2016;5;Patrón o empleador;0;mujer;231
2016;5;Trabajador familiar sin remuneración*;1;hombre;320
2016;5;Trabajador familiar sin remuneración*;0;mujer;559
2016;5;Trabajador por cuenta propia;1;hombre;5716
2016;5;Trabajador por cuenta propia;0;mujer;3831
2016;6;Empleado doméstico ;1;hombre;31
2016;6;Empleado doméstico ;0;mujer;643
2016;6;Jornalero o peón;1;hombre;654
2016;6;Jornalero o peón;0;mujer;47
2016;6;Obrero, empleado del gobierno;1;hombre;438
2016;6;Obrero, empleado del gobierno;0;mujer;421
2016;6;Obrero, empleado particular ;1;hombre;5006
2016;6;Obrero, empleado particular ;0;mujer;3498
2016;6;Otro;1;hombre;6
2016;6;Otro;0;mujer;16
2016;6;Patrón o empleador;1;hombre;632
2016;6;Patrón o empleador;0;mujer;222
2016;6;Trabajador familiar sin remuneración*;1;hombre;340
2016;6;Trabajador familiar sin remuneración*;0;mujer;575
2016;6;Trabajador por cuenta propia;1;hombre;5745
2016;6;Trabajador por cuenta propia;0;mujer;3806
2016;7;Empleado doméstico ;1;hombre;29
2016;7;Empleado doméstico ;0;mujer;645
2016;7;Jornalero o peón;1;hombre;671
2016;7;Jornalero o peón;0;mujer;51
2016;7;Obrero, empleado del gobierno;1;hombre;439
2016;7;Obrero, empleado del gobierno;0;mujer;396
2016;7;Obrero, empleado particular ;1;hombre;5042
2016;7;Obrero, empleado particular ;0;mujer;3545
2016;7;Otro;1;hombre;9
2016;7;Otro;0;mujer;16
2016;7;Patrón o empleador;1;hombre;657
2016;7;Patrón o empleador;0;mujer;238
2016;7;Trabajador familiar sin remuneración*;1;hombre;325
2016;7;Trabajador familiar sin remuneración*;0;mujer;538
2016;7;Trabajador por cuenta propia;1;hombre;5685
2016;7;Trabajador por cuenta propia;0;mujer;3805
2016;8;Empleado doméstico ;1;hombre;38
2016;8;Empleado doméstico ;0;mujer;653
2016;8;Jornalero o peón;1;hombre;707
2016;8;Jornalero o peón;0;mujer;57
2016;8;Obrero, empleado del gobierno;1;hombre;434
2016;8;Obrero, empleado del gobierno;0;mujer;390
2016;8;Obrero, empleado particular ;1;hombre;5055
2016;8;Obrero, empleado particular ;0;mujer;3635
2016;8;Otro;1;hombre;10
2016;8;Otro;0;mujer;16
2016;8;Patrón o empleador;1;hombre;660
2016;8;Patrón o empleador;0;mujer;233
2016;8;Trabajador familiar sin remuneración*;1;hombre;360
2016;8;Trabajador familiar sin remuneración*;0;mujer;596
2016;8;Trabajador por cuenta propia;1;hombre;5779
2016;8;Trabajador por cuenta propia;0;mujer;3933
2016;9;Empleado doméstico ;1;hombre;43
2016;9;Empleado doméstico ;0;mujer;630
2016;9;Jornalero o peón;1;hombre;659
2016;9;Jornalero o peón;0;mujer;85
2016;9;Obrero, empleado del gobierno;1;hombre;434
2016;9;Obrero, empleado del gobierno;0;mujer;408
2016;9;Obrero, empleado particular ;1;hombre;5086
2016;9;Obrero, empleado particular ;0;mujer;3656
2016;9;Otro;1;hombre;8
2016;9;Otro;0;mujer;15
2016;9;Patrón o empleador;1;hombre;652
2016;9;Patrón o empleador;0;mujer;250
2016;9;Trabajador familiar sin remuneración*;1;hombre;374
2016;9;Trabajador familiar sin remuneración*;0;mujer;631
2016;9;Trabajador por cuenta propia;1;hombre;5858
2016;9;Trabajador por cuenta propia;0;mujer;3992
2016;10;Empleado doméstico ;1;hombre;49
2016;10;Empleado doméstico ;0;mujer;637
2016;10;Jornalero o peón;1;hombre;616
2016;10;Jornalero o peón;0;mujer;88
2016;10;Obrero, empleado del gobierno;1;hombre;454
2016;10;Obrero, empleado del gobierno;0;mujer;404
2016;10;Obrero, empleado particular ;1;hombre;5085
2016;10;Obrero, empleado particular ;0;mujer;3628
2016;10;Otro;1;hombre;7
2016;10;Otro;0;mujer;13
2016;10;Patrón o empleador;1;hombre;613
2016;10;Patrón o empleador;0;mujer;243
2016;10;Trabajador familiar sin remuneración*;1;hombre;410
2016;10;Trabajador familiar sin remuneración*;0;mujer;637
2016;10;Trabajador por cuenta propia;1;hombre;5985
2016;10;Trabajador por cuenta propia;0;mujer;3968
2016;11;Empleado doméstico ;1;hombre;37
2016;11;Empleado doméstico ;0;mujer;653
2016;11;Jornalero o peón;1;hombre;549
2016;11;Jornalero o peón;0;mujer;71
2016;11;Obrero, empleado del gobierno;1;hombre;460
2016;11;Obrero, empleado del gobierno;0;mujer;406
2016;11;Obrero, empleado particular ;1;hombre;5023
2016;11;Obrero, empleado particular ;0;mujer;3559
2016;11;Otro;1;hombre;7
2016;11;Otro;0;mujer;12
2016;11;Patrón o empleador;1;hombre;599
2016;11;Patrón o empleador;0;mujer;223
2016;11;Trabajador familiar sin remuneración*;1;hombre;371
2016;11;Trabajador familiar sin remuneración*;0;mujer;566
2016;11;Trabajador por cuenta propia;1;hombre;5991
2016;11;Trabajador por cuenta propia;0;mujer;3770
2016;12;Empleado doméstico ;1;hombre;31
2016;12;Empleado doméstico ;0;mujer;668
2016;12;Jornalero o peón;1;hombre;577
2016;12;Jornalero o peón;0;mujer;46
2016;12;Obrero, empleado del gobierno;1;hombre;435
2016;12;Obrero, empleado del gobierno;0;mujer;381
2016;12;Obrero, empleado particular ;1;hombre;5026
2016;12;Obrero, empleado particular ;0;mujer;3511
2016;12;Otro;1;hombre;5
2016;12;Otro;0;mujer;9
2016;12;Patrón o empleador;1;hombre;629
2016;12;Patrón o empleador;0;mujer;211
2016;12;Trabajador familiar sin remuneración*;1;hombre;334
2016;12;Trabajador familiar sin remuneración*;0;mujer;519
2016;12;Trabajador por cuenta propia;1;hombre;5860
2016;12;Trabajador por cuenta propia;0;mujer;3687
2017;1;Empleado doméstico ;1;hombre;21
2017;1;Empleado doméstico ;0;mujer;658
2017;1;Jornalero o peón;1;hombre;608
2017;1;Jornalero o peón;0;mujer;39
2017;1;Obrero, empleado del gobierno;1;hombre;417
2017;1;Obrero, empleado del gobierno;0;mujer;375
2017;1;Obrero, empleado particular ;1;hombre;4984
2017;1;Obrero, empleado particular ;0;mujer;3526
2017;1;Otro;1;hombre;3
2017;1;Otro;0;mujer;11
2017;1;Patrón o empleador;1;hombre;641
2017;1;Patrón o empleador;0;mujer;195
2017;1;Trabajador familiar sin remuneración*;1;hombre;291
2017;1;Trabajador familiar sin remuneración*;0;mujer;536
2017;1;Trabajador por cuenta propia;1;hombre;5816
2017;1;Trabajador por cuenta propia;0;mujer;3633
2017;2;Empleado doméstico ;1;hombre;22
2017;2;Empleado doméstico ;0;mujer;663
2017;2;Jornalero o peón;1;hombre;647
2017;2;Jornalero o peón;0;mujer;40
2017;2;Obrero, empleado del gobierno;1;hombre;427
2017;2;Obrero, empleado del gobierno;0;mujer;382
2017;2;Obrero, empleado particular ;1;hombre;5084
2017;2;Obrero, empleado particular ;0;mujer;3626
2017;2;Otro;1;hombre;3
2017;2;Otro;0;mujer;11
2017;2;Patrón o empleador;1;hombre;619
2017;2;Patrón o empleador;0;mujer;209
2017;2;Trabajador familiar sin remuneración*;1;hombre;306
2017;2;Trabajador familiar sin remuneración*;0;mujer;617
2017;2;Trabajador por cuenta propia;1;hombre;5778
2017;2;Trabajador por cuenta propia;0;mujer;3717
2017;3;Empleado doméstico ;1;hombre;29
2017;3;Empleado doméstico ;0;mujer;645
2017;3;Jornalero o peón;1;hombre;621
2017;3;Jornalero o peón;0;mujer;43
2017;3;Obrero, empleado del gobierno;1;hombre;460
2017;3;Obrero, empleado del gobierno;0;mujer;401
2017;3;Obrero, empleado particular ;1;hombre;5115
2017;3;Obrero, empleado particular ;0;mujer;3645
2017;3;Otro;1;hombre;5
2017;3;Otro;0;mujer;9
2017;3;Patrón o empleador;1;hombre;570
2017;3;Patrón o empleador;0;mujer;196
2017;3;Trabajador familiar sin remuneración*;1;hombre;321
2017;3;Trabajador familiar sin remuneración*;0;mujer;631
2017;3;Trabajador por cuenta propia;1;hombre;5823
2017;3;Trabajador por cuenta propia;0;mujer;3774
2017;4;Empleado doméstico ;1;hombre;42
2017;4;Empleado doméstico ;0;mujer;670
2017;4;Jornalero o peón;1;hombre;635
2017;4;Jornalero o peón;0;mujer;59
2017;4;Obrero, empleado del gobierno;1;hombre;445
2017;4;Obrero, empleado del gobierno;0;mujer;433
2017;4;Obrero, empleado particular ;1;hombre;5103
2017;4;Obrero, empleado particular ;0;mujer;3620
2017;4;Otro;1;hombre;7
2017;4;Otro;0;mujer;11
2017;4;Patrón o empleador;1;hombre;585
2017;4;Patrón o empleador;0;mujer;212
2017;4;Trabajador familiar sin remuneración*;1;hombre;346
2017;4;Trabajador familiar sin remuneración*;0;mujer;638
2017;4;Trabajador por cuenta propia;1;hombre;5878
2017;4;Trabajador por cuenta propia;0;mujer;3896
2017;5;Empleado doméstico ;1;hombre;39
2017;5;Empleado doméstico ;0;mujer;650
2017;5;Jornalero o peón;1;hombre;673
2017;5;Jornalero o peón;0;mujer;66
2017;5;Obrero, empleado del gobierno;1;hombre;430
2017;5;Obrero, empleado del gobierno;0;mujer;410
2017;5;Obrero, empleado particular ;1;hombre;5088
2017;5;Obrero, empleado particular ;0;mujer;3512
2017;5;Otro;1;hombre;6
2017;5;Otro;0;mujer;15
2017;5;Patrón o empleador;1;hombre;606
2017;5;Patrón o empleador;0;mujer;209
2017;5;Trabajador familiar sin remuneración*;1;hombre;340
2017;5;Trabajador familiar sin remuneración*;0;mujer;583
2017;5;Trabajador por cuenta propia;1;hombre;5842
2017;5;Trabajador por cuenta propia;0;mujer;3911
2017;6;Empleado doméstico ;1;hombre;32
2017;6;Empleado doméstico ;0;mujer;643
2017;6;Jornalero o peón;1;hombre;721
2017;6;Jornalero o peón;0;mujer;64
2017;6;Obrero, empleado del gobierno;1;hombre;431
2017;6;Obrero, empleado del gobierno;0;mujer;416
2017;6;Obrero, empleado particular ;1;hombre;5016
2017;6;Obrero, empleado particular ;0;mujer;3546
2017;6;Otro;1;hombre;5
2017;6;Otro;0;mujer;15
2017;6;Patrón o empleador;1;hombre;652
2017;6;Patrón o empleador;0;mujer;232
2017;6;Trabajador familiar sin remuneración*;1;hombre;353
2017;6;Trabajador familiar sin remuneración*;0;mujer;605
2017;6;Trabajador por cuenta propia;1;hombre;5844
2017;6;Trabajador por cuenta propia;0;mujer;3889
2017;7;Empleado doméstico ;1;hombre;26
2017;7;Empleado doméstico ;0;mujer;620
2017;7;Jornalero o peón;1;hombre;715
2017;7;Jornalero o peón;0;mujer;53
2017;7;Obrero, empleado del gobierno;1;hombre;438
2017;7;Obrero, empleado del gobierno;0;mujer;407
2017;7;Obrero, empleado particular ;1;hombre;5017
2017;7;Obrero, empleado particular ;0;mujer;3578
2017;7;Otro;1;hombre;4
2017;7;Otro;0;mujer;13
2017;7;Patrón o empleador;1;hombre;694
2017;7;Patrón o empleador;0;mujer;227
2017;7;Trabajador familiar sin remuneración*;1;hombre;335
2017;7;Trabajador familiar sin remuneración*;0;mujer;619
2017;7;Trabajador por cuenta propia;1;hombre;5782
2017;7;Trabajador por cuenta propia;0;mujer;3802
2017;8;Empleado doméstico ;1;hombre;32
2017;8;Empleado doméstico ;0;mujer;634
2017;8;Jornalero o peón;1;hombre;687
2017;8;Jornalero o peón;0;mujer;48
2017;8;Obrero, empleado del gobierno;1;hombre;443
2017;8;Obrero, empleado del gobierno;0;mujer;416
2017;8;Obrero, empleado particular ;1;hombre;5025
2017;8;Obrero, empleado particular ;0;mujer;3670
2017;8;Otro;1;hombre;4
2017;8;Otro;0;mujer;11
2017;8;Patrón o empleador;1;hombre;736
2017;8;Patrón o empleador;0;mujer;269
2017;8;Trabajador familiar sin remuneración*;1;hombre;371
2017;8;Trabajador familiar sin remuneración*;0;mujer;692
2017;8;Trabajador por cuenta propia;1;hombre;5806
2017;8;Trabajador por cuenta propia;0;mujer;3823
2017;9;Empleado doméstico ;1;hombre;33
2017;9;Empleado doméstico ;0;mujer;639
2017;9;Jornalero o peón;1;hombre;678
2017;9;Jornalero o peón;0;mujer;63
2017;9;Obrero, empleado del gobierno;1;hombre;441
2017;9;Obrero, empleado del gobierno;0;mujer;404
2017;9;Obrero, empleado particular ;1;hombre;5055
2017;9;Obrero, empleado particular ;0;mujer;3706
2017;9;Otro;1;hombre;5
2017;9;Otro;0;mujer;9
2017;9;Patrón o empleador;1;hombre;764
2017;9;Patrón o empleador;0;mujer;273
2017;9;Trabajador familiar sin remuneración*;1;hombre;386
2017;9;Trabajador familiar sin remuneración*;0;mujer;677
2017;9;Trabajador por cuenta propia;1;hombre;5819
2017;9;Trabajador por cuenta propia;0;mujer;3832
2017;10;Empleado doméstico ;1;hombre;34
2017;10;Empleado doméstico ;0;mujer;652
2017;10;Jornalero o peón;1;hombre;630
2017;10;Jornalero o peón;0;mujer;60
2017;10;Obrero, empleado del gobierno;1;hombre;415
2017;10;Obrero, empleado del gobierno;0;mujer;402
2017;10;Obrero, empleado particular ;1;hombre;5077
2017;10;Obrero, empleado particular ;0;mujer;3701
2017;10;Otro;1;hombre;4
2017;10;Otro;0;mujer;9
2017;10;Patrón o empleador;1;hombre;742
2017;10;Patrón o empleador;0;mujer;277
2017;10;Trabajador familiar sin remuneración*;1;hombre;398
2017;10;Trabajador familiar sin remuneración*;0;mujer;697
2017;10;Trabajador por cuenta propia;1;hombre;5937
2017;10;Trabajador por cuenta propia;0;mujer;3833
2017;11;Empleado doméstico ;1;hombre;32
2017;11;Empleado doméstico ;0;mujer;632
2017;11;Jornalero o peón;1;hombre;530
2017;11;Jornalero o peón;0;mujer;54
2017;11;Obrero, empleado del gobierno;1;hombre;400
2017;11;Obrero, empleado del gobierno;0;mujer;412
2017;11;Obrero, empleado particular ;1;hombre;5007
2017;11;Obrero, empleado particular ;0;mujer;3621
2017;11;Otro;1;hombre;5
2017;11;Otro;0;mujer;10
2017;11;Patrón o empleador;1;hombre;731
2017;11;Patrón o empleador;0;mujer;257
2017;11;Trabajador familiar sin remuneración*;1;hombre;367
2017;11;Trabajador familiar sin remuneración*;0;mujer;638
2017;11;Trabajador por cuenta propia;1;hombre;6009
2017;11;Trabajador por cuenta propia;0;mujer;3667
2017;12;Empleado doméstico ;1;hombre;30
2017;12;Empleado doméstico ;0;mujer;610
2017;12;Jornalero o peón;1;hombre;553
2017;12;Jornalero o peón;0;mujer;39
2017;12;Obrero, empleado del gobierno;1;hombre;368
2017;12;Obrero, empleado del gobierno;0;mujer;401
2017;12;Obrero, empleado particular ;1;hombre;5052
2017;12;Obrero, empleado particular ;0;mujer;3542
2017;12;Otro;1;hombre;3
2017;12;Otro;0;mujer;13
2017;12;Patrón o empleador;1;hombre;678
2017;12;Patrón o empleador;0;mujer;254
2017;12;Trabajador familiar sin remuneración*;1;hombre;330
2017;12;Trabajador familiar sin remuneración*;0;mujer;608
2017;12;Trabajador por cuenta propia;1;hombre;5944
2017;12;Trabajador por cuenta propia;0;mujer;3600
2018;1;Empleado doméstico ;1;hombre;33
2018;1;Empleado doméstico ;0;mujer;587
2018;1;Jornalero o peón;1;hombre;573
2018;1;Jornalero o peón;0;mujer;40
2018;1;Obrero, empleado del gobierno;1;hombre;406
2018;1;Obrero, empleado del gobierno;0;mujer;378
2018;1;Obrero, empleado particular ;1;hombre;5020
2018;1;Obrero, empleado particular ;0;mujer;3536
2018;1;Otro;1;hombre;3
2018;1;Otro;0;mujer;13
2018;1;Patrón o empleador;1;hombre;652
2018;1;Patrón o empleador;0;mujer;256
2018;1;Trabajador familiar sin remuneración*;1;hombre;313
2018;1;Trabajador familiar sin remuneración*;0;mujer;550
2018;1;Trabajador por cuenta propia;1;hombre;5875
2018;1;Trabajador por cuenta propia;0;mujer;3595
2018;2;Empleado doméstico ;1;hombre;32
2018;2;Empleado doméstico ;0;mujer;599
2018;2;Jornalero o peón;1;hombre;645
2018;2;Jornalero o peón;0;mujer;60
2018;2;Obrero, empleado del gobierno;1;hombre;417
2018;2;Obrero, empleado del gobierno;0;mujer;379
2018;2;Obrero, empleado particular ;1;hombre;5066
2018;2;Obrero, empleado particular ;0;mujer;3593
2018;2;Otro;1;hombre;3
2018;2;Otro;0;mujer;13
2018;2;Patrón o empleador;1;hombre;641
2018;2;Patrón o empleador;0;mujer;245
2018;2;Trabajador familiar sin remuneración*;1;hombre;305
2018;2;Trabajador familiar sin remuneración*;0;mujer;559
2018;2;Trabajador por cuenta propia;1;hombre;5863
2018;2;Trabajador por cuenta propia;0;mujer;3770
2018;3;Empleado doméstico ;1;hombre;34
2018;3;Empleado doméstico ;0;mujer;662
2018;3;Jornalero o peón;1;hombre;564
2018;3;Jornalero o peón;0;mujer;53
2018;3;Obrero, empleado del gobierno;1;hombre;447
2018;3;Obrero, empleado del gobierno;0;mujer;396
2018;3;Obrero, empleado particular ;1;hombre;5052
2018;3;Obrero, empleado particular ;0;mujer;3622
2018;3;Otro;1;hombre;3
2018;3;Otro;0;mujer;13
2018;3;Patrón o empleador;1;hombre;651
2018;3;Patrón o empleador;0;mujer;232
2018;3;Trabajador familiar sin remuneración*;1;hombre;315
2018;3;Trabajador familiar sin remuneración*;0;mujer;577
2018;3;Trabajador por cuenta propia;1;hombre;5957
2018;3;Trabajador por cuenta propia;0;mujer;3815
2018;4;Empleado doméstico ;1;hombre;31
2018;4;Empleado doméstico ;0;mujer;681
2018;4;Jornalero o peón;1;hombre;620
2018;4;Jornalero o peón;0;mujer;58
2018;4;Obrero, empleado del gobierno;1;hombre;475
2018;4;Obrero, empleado del gobierno;0;mujer;438
2018;4;Obrero, empleado particular ;1;hombre;5048
2018;4;Obrero, empleado particular ;0;mujer;3607
2018;4;Otro;1;hombre;4
2018;4;Otro;0;mujer;12
2018;4;Patrón o empleador;1;hombre;657
2018;4;Patrón o empleador;0;mujer;223
2018;4;Trabajador familiar sin remuneración*;1;hombre;325
2018;4;Trabajador familiar sin remuneración*;0;mujer;570
2018;4;Trabajador por cuenta propia;1;hombre;5970
2018;4;Trabajador por cuenta propia;0;mujer;3872
2018;5;Empleado doméstico ;1;hombre;32
2018;5;Empleado doméstico ;0;mujer;677
2018;5;Jornalero o peón;1;hombre;692
2018;5;Jornalero o peón;0;mujer;47
2018;5;Obrero, empleado del gobierno;1;hombre;482
2018;5;Obrero, empleado del gobierno;0;mujer;429
2018;5;Obrero, empleado particular ;1;hombre;5046
2018;5;Obrero, empleado particular ;0;mujer;3598
2018;5;Otro;1;hombre;3
2018;5;Otro;0;mujer;10
2018;5;Patrón o empleador;1;hombre;653
2018;5;Patrón o empleador;0;mujer;216
2018;5;Trabajador familiar sin remuneración*;1;hombre;315
2018;5;Trabajador familiar sin remuneración*;0;mujer;509
2018;5;Trabajador por cuenta propia;1;hombre;5943
2018;5;Trabajador por cuenta propia;0;mujer;3824
2018;6;Empleado doméstico ;1;hombre;30
2018;6;Empleado doméstico ;0;mujer;624
2018;6;Jornalero o peón;1;hombre;780
2018;6;Jornalero o peón;0;mujer;62
2018;6;Obrero, empleado del gobierno;1;hombre;496
2018;6;Obrero, empleado del gobierno;0;mujer;430
2018;6;Obrero, empleado particular ;1;hombre;4965
2018;6;Obrero, empleado particular ;0;mujer;3658
2018;6;Otro;1;hombre;4
2018;6;Otro;0;mujer;10
2018;6;Patrón o empleador;1;hombre;664
2018;6;Patrón o empleador;0;mujer;220
2018;6;Trabajador familiar sin remuneración*;1;hombre;310
2018;6;Trabajador familiar sin remuneración*;0;mujer;520
2018;6;Trabajador por cuenta propia;1;hombre;5938
2018;6;Trabajador por cuenta propia;0;mujer;3840
2018;7;Empleado doméstico ;1;hombre;31
2018;7;Empleado doméstico ;0;mujer;616
2018;7;Jornalero o peón;1;hombre;751
2018;7;Jornalero o peón;0;mujer;51
2018;7;Obrero, empleado del gobierno;1;hombre;446
2018;7;Obrero, empleado del gobierno;0;mujer;401
2018;7;Obrero, empleado particular ;1;hombre;4981
2018;7;Obrero, empleado particular ;0;mujer;3654
2018;7;Otro;1;hombre;3
2018;7;Otro;0;mujer;12
2018;7;Patrón o empleador;1;hombre;703
2018;7;Patrón o empleador;0;mujer;233
2018;7;Trabajador familiar sin remuneración*;1;hombre;304
2018;7;Trabajador familiar sin remuneración*;0;mujer;546
2018;7;Trabajador por cuenta propia;1;hombre;5951
2018;7;Trabajador por cuenta propia;0;mujer;3889
2018;8;Empleado doméstico ;1;hombre;35
2018;8;Empleado doméstico ;0;mujer;623
2018;8;Jornalero o peón;1;hombre;706
2018;8;Jornalero o peón;0;mujer;52
2018;8;Obrero, empleado del gobierno;1;hombre;435
2018;8;Obrero, empleado del gobierno;0;mujer;393
2018;8;Obrero, empleado particular ;1;hombre;4934
2018;8;Obrero, empleado particular ;0;mujer;3709
2018;8;Otro;1;hombre;6
2018;8;Otro;0;mujer;14
2018;8;Patrón o empleador;1;hombre;733
2018;8;Patrón o empleador;0;mujer;239
2018;8;Trabajador familiar sin remuneración*;1;hombre;309
2018;8;Trabajador familiar sin remuneración*;0;mujer;615
2018;8;Trabajador por cuenta propia;1;hombre;6079
2018;8;Trabajador por cuenta propia;0;mujer;3944
2018;9;Empleado doméstico ;1;hombre;36
2018;9;Empleado doméstico ;0;mujer;610
2018;9;Jornalero o peón;1;hombre;670
2018;9;Jornalero o peón;0;mujer;65
2018;9;Obrero, empleado del gobierno;1;hombre;409
2018;9;Obrero, empleado del gobierno;0;mujer;400
2018;9;Obrero, empleado particular ;1;hombre;4931
2018;9;Obrero, empleado particular ;0;mujer;3672
2018;9;Otro;1;hombre;7
2018;9;Otro;0;mujer;14
2018;9;Patrón o empleador;1;hombre;728
2018;9;Patrón o empleador;0;mujer;247
2018;9;Trabajador familiar sin remuneración*;1;hombre;316
2018;9;Trabajador familiar sin remuneración*;0;mujer;610
2018;9;Trabajador por cuenta propia;1;hombre;6130
2018;9;Trabajador por cuenta propia;0;mujer;3908
2018;10;Empleado doméstico ;1;hombre;53
2018;10;Empleado doméstico ;0;mujer;612
2018;10;Jornalero o peón;1;hombre;636
2018;10;Jornalero o peón;0;mujer;76
2018;10;Obrero, empleado del gobierno;1;hombre;420
2018;10;Obrero, empleado del gobierno;0;mujer;413
2018;10;Obrero, empleado particular ;1;hombre;5001
2018;10;Obrero, empleado particular ;0;mujer;3677
2018;10;Otro;1;hombre;10
2018;10;Otro;0;mujer;13
2018;10;Patrón o empleador;1;hombre;699
2018;10;Patrón o empleador;0;mujer;240
2018;10;Trabajador familiar sin remuneración*;1;hombre;363
2018;10;Trabajador familiar sin remuneración*;0;mujer;612
2018;10;Trabajador por cuenta propia;1;hombre;6169
2018;10;Trabajador por cuenta propia;0;mujer;3842
2018;11;Empleado doméstico ;1;hombre;49
2018;11;Empleado doméstico ;0;mujer;616
2018;11;Jornalero o peón;1;hombre;586
2018;11;Jornalero o peón;0;mujer;66
2018;11;Obrero, empleado del gobierno;1;hombre;428
2018;11;Obrero, empleado del gobierno;0;mujer;425
2018;11;Obrero, empleado particular ;1;hombre;5027
2018;11;Obrero, empleado particular ;0;mujer;3570
2018;11;Otro;1;hombre;10
2018;11;Otro;0;mujer;8
2018;11;Patrón o empleador;1;hombre;652
2018;11;Patrón o empleador;0;mujer;229
2018;11;Trabajador familiar sin remuneración*;1;hombre;373
2018;11;Trabajador familiar sin remuneración*;0;mujer;557
2018;11;Trabajador por cuenta propia;1;hombre;6060
2018;11;Trabajador por cuenta propia;0;mujer;3700
2018;12;Empleado doméstico ;1;hombre;50
2018;12;Empleado doméstico ;0;mujer;645
2018;12;Jornalero o peón;1;hombre;620
2018;12;Jornalero o peón;0;mujer;45
2018;12;Obrero, empleado del gobierno;1;hombre;438
2018;12;Obrero, empleado del gobierno;0;mujer;410
2018;12;Obrero, empleado particular ;1;hombre;5087
2018;12;Obrero, empleado particular ;0;mujer;3536
2018;12;Otro;1;hombre;8
2018;12;Otro;0;mujer;8
2018;12;Patrón o empleador;1;hombre;633
2018;12;Patrón o empleador;0;mujer;208
2018;12;Trabajador familiar sin remuneración*;1;hombre;363
2018;12;Trabajador familiar sin remuneración*;0;mujer;523
2018;12;Trabajador por cuenta propia;1;hombre;5926
2018;12;Trabajador por cuenta propia;0;mujer;3725
2019;1;Empleado doméstico ;1;hombre;33
2019;1;Empleado doméstico ;0;mujer;660
2019;1;Jornalero o peón;1;hombre;668
2019;1;Jornalero o peón;0;mujer;35
2019;1;Obrero, empleado del gobierno;1;hombre;466
2019;1;Obrero, empleado del gobierno;0;mujer;408
2019;1;Obrero, empleado particular ;1;hombre;5128
2019;1;Obrero, empleado particular ;0;mujer;3564
2019;1;Otro;1;hombre;6
2019;1;Otro;0;mujer;7
2019;1;Patrón o empleador;1;hombre;594
2019;1;Patrón o empleador;0;mujer;205
2019;1;Trabajador familiar sin remuneración*;1;hombre;291
2019;1;Trabajador familiar sin remuneración*;0;mujer;490
2019;1;Trabajador por cuenta propia;1;hombre;5733
2019;1;Trabajador por cuenta propia;0;mujer;3656
2019;2;Empleado doméstico ;1;hombre;35
2019;2;Empleado doméstico ;0;mujer;668
2019;2;Jornalero o peón;1;hombre;695
2019;2;Jornalero o peón;0;mujer;43
2019;2;Obrero, empleado del gobierno;1;hombre;460
2019;2;Obrero, empleado del gobierno;0;mujer;399
2019;2;Obrero, empleado particular ;1;hombre;5247
2019;2;Obrero, empleado particular ;0;mujer;3607
2019;2;Otro;1;hombre;5
2019;2;Otro;0;mujer;10
2019;2;Patrón o empleador;1;hombre;581
2019;2;Patrón o empleador;0;mujer;217
2019;2;Trabajador familiar sin remuneración*;1;hombre;264
2019;2;Trabajador familiar sin remuneración*;0;mujer;506
2019;2;Trabajador por cuenta propia;1;hombre;5612
2019;2;Trabajador por cuenta propia;0;mujer;3677
2019;3;Empleado doméstico ;1;hombre;33
2019;3;Empleado doméstico ;0;mujer;639
2019;3;Jornalero o peón;1;hombre;610
2019;3;Jornalero o peón;0;mujer;40
2019;3;Obrero, empleado del gobierno;1;hombre;445
2019;3;Obrero, empleado del gobierno;0;mujer;387
2019;3;Obrero, empleado particular ;1;hombre;5370
2019;3;Obrero, empleado particular ;0;mujer;3652
2019;3;Otro;1;hombre;7
2019;3;Otro;0;mujer;9
2019;3;Patrón o empleador;1;hombre;578
2019;3;Patrón o empleador;0;mujer;228
2019;3;Trabajador familiar sin remuneración*;1;hombre;263
2019;3;Trabajador familiar sin remuneración*;0;mujer;525
2019;3;Trabajador por cuenta propia;1;hombre;5578
2019;3;Trabajador por cuenta propia;0;mujer;3694
2019;4;Empleado doméstico ;1;hombre;38
2019;4;Empleado doméstico ;0;mujer;630
2019;4;Jornalero o peón;1;hombre;633
2019;4;Jornalero o peón;0;mujer;46
2019;4;Obrero, empleado del gobierno;1;hombre;419
2019;4;Obrero, empleado del gobierno;0;mujer;396
2019;4;Obrero, empleado particular ;1;hombre;5343
2019;4;Obrero, empleado particular ;0;mujer;3626
2019;4;Otro;1;hombre;7
2019;4;Otro;0;mujer;7
2019;4;Patrón o empleador;1;hombre;587
2019;4;Patrón o empleador;0;mujer;220
2019;4;Trabajador familiar sin remuneración*;1;hombre;312
2019;4;Trabajador familiar sin remuneración*;0;mujer;553
2019;4;Trabajador por cuenta propia;1;hombre;5643
2019;4;Trabajador por cuenta propia;0;mujer;3766
2019;5;Empleado doméstico ;1;hombre;40
2019;5;Empleado doméstico ;0;mujer;639
2019;5;Jornalero o peón;1;hombre;739
2019;5;Jornalero o peón;0;mujer;44
2019;5;Obrero, empleado del gobierno;1;hombre;428
2019;5;Obrero, empleado del gobierno;0;mujer;408
2019;5;Obrero, empleado particular ;1;hombre;5309
2019;5;Obrero, empleado particular ;0;mujer;3655
2019;5;Otro;1;hombre;5
2019;5;Otro;0;mujer;8
2019;5;Patrón o empleador;1;hombre;569
2019;5;Patrón o empleador;0;mujer;213
2019;5;Trabajador familiar sin remuneración*;1;hombre;308
2019;5;Trabajador familiar sin remuneración*;0;mujer;511
2019;5;Trabajador por cuenta propia;1;hombre;5622
2019;5;Trabajador por cuenta propia;0;mujer;3809
2019;6;Empleado doméstico ;1;hombre;41
2019;6;Empleado doméstico ;0;mujer;658
2019;6;Jornalero o peón;1;hombre;834
2019;6;Jornalero o peón;0;mujer;44
2019;6;Obrero, empleado del gobierno;1;hombre;433
2019;6;Obrero, empleado del gobierno;0;mujer;422
2019;6;Obrero, empleado particular ;1;hombre;5245
2019;6;Obrero, empleado particular ;0;mujer;3632
2019;6;Otro;1;hombre;3
2019;6;Otro;0;mujer;9
2019;6;Patrón o empleador;1;hombre;587
2019;6;Patrón o empleador;0;mujer;214
2019;6;Trabajador familiar sin remuneración*;1;hombre;313
2019;6;Trabajador familiar sin remuneración*;0;mujer;516
2019;6;Trabajador por cuenta propia;1;hombre;5619
2019;6;Trabajador por cuenta propia;0;mujer;3720
2019;7;Empleado doméstico ;1;hombre;46
2019;7;Empleado doméstico ;0;mujer;659
2019;7;Jornalero o peón;1;hombre;856
2019;7;Jornalero o peón;0;mujer;43
2019;7;Obrero, empleado del gobierno;1;hombre;433
2019;7;Obrero, empleado del gobierno;0;mujer;403
2019;7;Obrero, empleado particular ;1;hombre;5246
2019;7;Obrero, empleado particular ;0;mujer;3669
2019;7;Otro;1;hombre;5
2019;7;Otro;0;mujer;10
2019;7;Patrón o empleador;1;hombre;608
2019;7;Patrón o empleador;0;mujer;223
2019;7;Trabajador familiar sin remuneración*;1;hombre;273
2019;7;Trabajador familiar sin remuneración*;0;mujer;492
2019;7;Trabajador por cuenta propia;1;hombre;5512
2019;7;Trabajador por cuenta propia;0;mujer;3684
2019;8;Empleado doméstico ;1;hombre;49
2019;8;Empleado doméstico ;0;mujer;638
2019;8;Jornalero o peón;1;hombre;819
2019;8;Jornalero o peón;0;mujer;55
2019;8;Obrero, empleado del gobierno;1;hombre;432
2019;8;Obrero, empleado del gobierno;0;mujer;385
2019;8;Obrero, empleado particular ;1;hombre;5221
2019;8;Obrero, empleado particular ;0;mujer;3675
2019;8;Otro;1;hombre;4
2019;8;Otro;0;mujer;10
2019;8;Patrón o empleador;1;hombre;629
2019;8;Patrón o empleador;0;mujer;230
2019;8;Trabajador familiar sin remuneración*;1;hombre;301
2019;8;Trabajador familiar sin remuneración*;0;mujer;563
2019;8;Trabajador por cuenta propia;1;hombre;5613
2019;8;Trabajador por cuenta propia;0;mujer;3762
2019;9;Empleado doméstico ;1;hombre;55
2019;9;Empleado doméstico ;0;mujer;640
2019;9;Jornalero o peón;1;hombre;793
2019;9;Jornalero o peón;0;mujer;67
2019;9;Obrero, empleado del gobierno;1;hombre;426
2019;9;Obrero, empleado del gobierno;0;mujer;384
2019;9;Obrero, empleado particular ;1;hombre;5256
2019;9;Obrero, empleado particular ;0;mujer;3692
2019;9;Otro;1;hombre;6
2019;9;Otro;0;mujer;12
2019;9;Patrón o empleador;1;hombre;598
2019;9;Patrón o empleador;0;mujer;237
2019;9;Trabajador familiar sin remuneración*;1;hombre;313
2019;9;Trabajador familiar sin remuneración*;0;mujer;564
2019;9;Trabajador por cuenta propia;1;hombre;5736
2019;9;Trabajador por cuenta propia;0;mujer;3862
2019;10;Empleado doméstico ;1;hombre;47
2019;10;Empleado doméstico ;0;mujer;639
2019;10;Jornalero o peón;1;hombre;775
2019;10;Jornalero o peón;0;mujer;75
2019;10;Obrero, empleado del gobierno;1;hombre;427
2019;10;Obrero, empleado del gobierno;0;mujer;362
2019;10;Obrero, empleado particular ;1;hombre;5254
2019;10;Obrero, empleado particular ;0;mujer;3690
2019;10;Otro;1;hombre;4
2019;10;Otro;0;mujer;14
2019;10;Patrón o empleador;1;hombre;566
2019;10;Patrón o empleador;0;mujer;228
2019;10;Trabajador familiar sin remuneración*;1;hombre;349
2019;10;Trabajador familiar sin remuneración*;0;mujer;579
2019;10;Trabajador por cuenta propia;1;hombre;5952
2019;10;Trabajador por cuenta propia;0;mujer;3855
2019;11;Empleado doméstico ;1;hombre;38
2019;11;Empleado doméstico ;0;mujer;646
2019;11;Jornalero o peón;1;hombre;723
2019;11;Jornalero o peón;0;mujer;69
2019;11;Obrero, empleado del gobierno;1;hombre;429
2019;11;Obrero, empleado del gobierno;0;mujer;383
2019;11;Obrero, empleado particular ;1;hombre;5218
2019;11;Obrero, empleado particular ;0;mujer;3629
2019;11;Otro;1;hombre;4
2019;11;Otro;0;mujer;11
2019;11;Patrón o empleador;1;hombre;575
2019;11;Patrón o empleador;0;mujer;233
2019;11;Trabajador familiar sin remuneración*;1;hombre;337
2019;11;Trabajador familiar sin remuneración*;0;mujer;513
2019;11;Trabajador por cuenta propia;1;hombre;5929
2019;11;Trabajador por cuenta propia;0;mujer;3655
2019;12;Empleado doméstico ;1;hombre;41
2019;12;Empleado doméstico ;0;mujer;660
2019;12;Jornalero o peón;1;hombre;791
2019;12;Jornalero o peón;0;mujer;68
2019;12;Obrero, empleado del gobierno;1;hombre;421
2019;12;Obrero, empleado del gobierno;0;mujer;401
2019;12;Obrero, empleado particular ;1;hombre;5200
2019;12;Obrero, empleado particular ;0;mujer;3609
2019;12;Otro;1;hombre;3
2019;12;Otro;0;mujer;8
2019;12;Patrón o empleador;1;hombre;566
2019;12;Patrón o empleador;0;mujer;216
2019;12;Trabajador familiar sin remuneración*;1;hombre;301
2019;12;Trabajador familiar sin remuneración*;0;mujer;460
2019;12;Trabajador por cuenta propia;1;hombre;5836
2019;12;Trabajador por cuenta propia;0;mujer;3521
2020;1;Empleado doméstico ;1;hombre;43
2020;1;Empleado doméstico ;0;mujer;613
2020;1;Jornalero o peón;1;hombre;737
2020;1;Jornalero o peón;0;mujer;71
2020;1;Obrero, empleado del gobierno;1;hombre;430
2020;1;Obrero, empleado del gobierno;0;mujer;435
2020;1;Obrero, empleado particular ;1;hombre;5068
2020;1;Obrero, empleado particular ;0;mujer;3478
2020;1;Otro;1;hombre;3
2020;1;Otro;0;mujer;7
2020;1;Patrón o empleador;1;hombre;520
2020;1;Patrón o empleador;0;mujer;205
2020;1;Trabajador familiar sin remuneración*;1;hombre;268
2020;1;Trabajador familiar sin remuneración*;0;mujer;435
2020;1;Trabajador por cuenta propia;1;hombre;5657
2020;1;Trabajador por cuenta propia;0;mujer;3392
2020;2;Empleado doméstico ;1;hombre;45
2020;2;Empleado doméstico ;0;mujer;493
2020;2;Jornalero o peón;1;hombre;719
2020;2;Jornalero o peón;0;mujer;71
2020;2;Obrero, empleado del gobierno;1;hombre;415
2020;2;Obrero, empleado del gobierno;0;mujer;416
2020;2;Obrero, empleado particular ;1;hombre;4605
2020;2;Obrero, empleado particular ;0;mujer;3175
2020;2;Otro;1;hombre;6
2020;2;Otro;0;mujer;8
2020;2;Patrón o empleador;1;hombre;436
2020;2;Patrón o empleador;0;mujer;171
2020;2;Trabajador familiar sin remuneración*;1;hombre;231
2020;2;Trabajador familiar sin remuneración*;0;mujer;397
2020;2;Trabajador por cuenta propia;1;hombre;5357
2020;2;Trabajador por cuenta propia;0;mujer;3143
2020;3;Empleado doméstico ;1;hombre;36
2020;3;Empleado doméstico ;0;mujer;388
2020;3;Jornalero o peón;1;hombre;594
2020;3;Jornalero o peón;0;mujer;52
2020;3;Obrero, empleado del gobierno;1;hombre;427
2020;3;Obrero, empleado del gobierno;0;mujer;396
2020;3;Obrero, empleado particular ;1;hombre;4208
2020;3;Obrero, empleado particular ;0;mujer;2855
2020;3;Otro;1;hombre;6
2020;3;Otro;0;mujer;8
2020;3;Patrón o empleador;1;hombre;389
2020;3;Patrón o empleador;0;mujer;156
2020;3;Trabajador familiar sin remuneración*;1;hombre;241
2020;3;Trabajador familiar sin remuneración*;0;mujer;380
2020;3;Trabajador por cuenta propia;1;hombre;5059
2020;3;Trabajador por cuenta propia;0;mujer;2911
2020;4;Empleado doméstico ;1;hombre;33
2020;4;Empleado doméstico ;0;mujer;336
2020;4;Jornalero o peón;1;hombre;598
2020;4;Jornalero o peón;0;mujer;36
2020;4;Obrero, empleado del gobierno;1;hombre;406
2020;4;Obrero, empleado del gobierno;0;mujer;379
2020;4;Obrero, empleado particular ;1;hombre;4007
2020;4;Obrero, empleado particular ;0;mujer;2673
2020;4;Otro;1;hombre;6
2020;4;Otro;0;mujer;5
2020;4;Patrón o empleador;1;hombre;413
2020;4;Patrón o empleador;0;mujer;151
2020;4;Trabajador familiar sin remuneración*;1;hombre;263
2020;4;Trabajador familiar sin remuneración*;0;mujer;350
2020;4;Trabajador por cuenta propia;1;hombre;4922
2020;4;Trabajador por cuenta propia;0;mujer;2799
2020;5;Empleado doméstico ;1;hombre;40
2020;5;Empleado doméstico ;0;mujer;356
2020;5;Jornalero o peón;1;hombre;660
2020;5;Jornalero o peón;0;mujer;35
2020;5;Obrero, empleado del gobierno;1;hombre;396
2020;5;Obrero, empleado del gobierno;0;mujer;378
2020;5;Obrero, empleado particular ;1;hombre;4134
2020;5;Obrero, empleado particular ;0;mujer;2640
2020;5;Otro;1;hombre;3
2020;5;Otro;0;mujer;3
2020;5;Patrón o empleador;1;hombre;428
2020;5;Patrón o empleador;0;mujer;142
2020;5;Trabajador familiar sin remuneración*;1;hombre;285
2020;5;Trabajador familiar sin remuneración*;0;mujer;351
2020;5;Trabajador por cuenta propia;1;hombre;5112
2020;5;Trabajador por cuenta propia;0;mujer;2901
2020;6;Empleado doméstico ;1;hombre;41
2020;6;Empleado doméstico ;0;mujer;385
2020;6;Jornalero o peón;1;hombre;755
2020;6;Jornalero o peón;0;mujer;46
2020;6;Obrero, empleado del gobierno;1;hombre;405
2020;6;Obrero, empleado del gobierno;0;mujer;381
2020;6;Obrero, empleado particular ;1;hombre;4306
2020;6;Obrero, empleado particular ;0;mujer;2709
2020;6;Otro;1;hombre;2
2020;6;Otro;0;mujer;0
2020;6;Patrón o empleador;1;hombre;464
2020;6;Patrón o empleador;0;mujer;130
2020;6;Trabajador familiar sin remuneración*;1;hombre;321
2020;6;Trabajador familiar sin remuneración*;0;mujer;399
2020;6;Trabajador por cuenta propia;1;hombre;5286
2020;6;Trabajador por cuenta propia;0;mujer;3046
2020;7;Empleado doméstico ;1;hombre;41
2020;7;Empleado doméstico ;0;mujer;433
2020;7;Jornalero o peón;1;hombre;779
2020;7;Jornalero o peón;0;mujer;51
2020;7;Obrero, empleado del gobierno;1;hombre;396
2020;7;Obrero, empleado del gobierno;0;mujer;373
2020;7;Obrero, empleado particular ;1;hombre;4473
2020;7;Obrero, empleado particular ;0;mujer;2805
2020;7;Otro;1;hombre;2
2020;7;Otro;0;mujer;1
2020;7;Patrón o empleador;1;hombre;478
2020;7;Patrón o empleador;0;mujer;142
2020;7;Trabajador familiar sin remuneración*;1;hombre;326
2020;7;Trabajador familiar sin remuneración*;0;mujer;424
2020;7;Trabajador por cuenta propia;1;hombre;5429
2020;7;Trabajador por cuenta propia;0;mujer;3151
